,Company,Product,TypeName,Inches,Ram,OS,Weight,Screen,ScreenW,ScreenH,Touchscreen,IPSpanel,RetinaDisplay,CPU_company,CPU_freq,CPU_model,PrimaryStorage,SecondaryStorage,PrimaryStorageType,SecondaryStorageType,GPU_company,GPU_model,Price_euros
0,1,300,4,7,3,8,37,3,8,6,0,1,1,1,14,40,4,0,3,2,2,60,1339.69
1,1,301,4,7,3,8,34,3,1,1,0,0,0,1,8,40,4,0,0,2,2,53,898.94
2,7,50,3,14,3,4,72,1,3,2,0,0,0,1,16,46,7,0,3,2,2,55,575.0
3,1,300,4,13,5,8,69,3,10,7,0,1,1,1,18,54,10,0,3,2,0,80,2537.45
4,1,300,4,7,3,8,37,3,8,6,0,1,1,1,22,40,7,0,3,2,2,61,1803.6
5,0,58,3,14,1,5,93,3,0,0,0,0,0,0,21,11,8,0,1,2,0,88,400.0
6,1,300,4,13,5,3,87,3,10,7,0,1,1,1,13,54,7,0,0,2,2,62,2139.97
7,1,301,4,7,3,8,34,3,1,1,0,0,0,1,8,40,7,0,0,2,2,53,1158.7
8,2,608,4,10,5,5,31,1,3,2,0,0,0,1,8,70,10,0,3,2,3,40,1495.0
9,0,430,4,10,3,5,55,1,3,2,0,1,0,1,7,53,7,0,3,2,2,109,770.0
10,7,50,3,14,1,4,72,3,0,0,0,0,0,1,16,46,8,0,1,2,2,55,393.9
11,7,50,3,14,1,4,72,1,3,2,0,0,0,1,11,36,8,0,1,2,2,49,344.99
12,1,300,4,13,5,8,69,3,10,7,0,1,1,1,19,54,7,0,3,2,0,81,2439.97
13,4,239,3,14,1,5,102,1,3,2,0,0,0,1,11,36,7,0,3,2,0,95,498.9
14,1,298,4,3,3,8,3,3,6,4,0,1,1,1,3,33,7,0,3,2,2,54,1262.4
15,1,300,4,7,3,8,37,3,8,6,0,1,1,1,14,40,7,0,3,2,2,60,1518.55
16,4,239,3,14,3,5,102,1,3,2,0,0,0,1,18,62,7,0,3,2,0,95,745.0
17,1,300,4,13,5,8,69,3,10,7,0,1,1,1,20,54,10,0,3,2,0,82,2858.0
18,10,209,3,14,3,4,102,1,3,2,0,0,0,1,15,38,11,0,1,2,3,14,499.0
19,4,576,4,7,3,5,22,1,3,2,1,1,0,1,7,53,4,0,3,2,2,109,979.0
20,2,543,2,2,0,5,5,3,0,0,0,0,0,1,5,16,2,0,0,2,2,43,191.9
21,10,291,1,14,3,5,120,1,3,2,0,1,0,1,16,47,4,4,3,0,3,17,999.0
22,7,51,3,14,1,4,72,3,0,0,0,0,0,0,6,79,8,0,1,2,0,83,258.0
23,4,244,0,7,3,5,56,1,3,2,1,0,0,1,7,53,7,0,3,2,2,109,819.0
24,7,8,4,14,3,5,77,1,3,2,0,0,0,1,8,70,7,0,3,2,2,55,659.0
25,4,239,3,14,1,5,109,3,0,0,0,0,0,1,11,36,11,0,1,2,2,49,418.64
26,1,299,4,7,3,3,35,3,1,1,0,0,0,1,7,40,4,0,0,2,2,53,1099.0
27,4,247,3,14,3,5,102,1,3,2,0,0,0,1,7,53,7,0,3,2,0,78,800.0
28,4,282,4,14,3,5,74,1,3,2,0,0,0,1,9,71,7,1,3,3,2,109,1298.0
29,7,364,3,16,3,5,120,1,3,2,0,0,0,1,7,53,11,0,1,2,3,11,896.0
30,3,270,3,14,1,5,75,1,3,2,0,0,0,1,5,15,3,0,0,2,2,42,244.99
31,2,104,3,10,0,5,59,3,0,0,0,0,0,0,6,77,2,0,0,2,0,83,199.0
32,7,44,3,16,1,5,132,1,3,2,0,0,0,0,16,7,8,0,1,2,0,78,439.0
33,4,576,4,7,5,5,20,2,11,7,1,0,0,1,8,70,10,0,3,2,2,109,1869.0
34,1,299,4,7,3,3,35,3,1,1,0,0,0,1,7,40,7,0,0,2,2,53,998.0
35,10,200,3,10,1,5,44,3,0,0,0,0,0,1,2,22,3,0,0,2,2,45,249.0
36,0,58,3,14,1,2,93,3,0,0,0,0,0,1,18,39,11,0,1,2,2,55,367.0
37,4,252,3,16,3,5,138,1,3,2,0,1,0,1,7,53,4,4,3,0,0,78,979.0
38,7,50,3,14,1,5,72,3,0,0,0,0,0,1,16,46,11,0,1,2,2,55,488.69
39,7,363,3,14,3,5,93,1,3,2,0,0,0,1,7,53,7,0,3,2,3,12,879.0
40,2,554,3,14,1,2,84,1,3,2,0,0,0,1,11,36,11,0,1,2,2,55,389.0
41,4,258,1,14,5,5,128,1,3,2,0,1,0,1,19,66,7,4,3,0,3,21,1499.0
42,2,565,3,14,3,2,109,3,0,0,0,0,0,1,16,46,11,0,1,2,3,14,522.99
43,0,63,3,14,1,5,102,1,3,2,0,1,0,1,7,53,7,0,3,2,2,109,682.0
44,4,260,0,16,4,5,136,1,3,2,1,0,0,1,7,53,11,0,1,2,3,5,999.0
45,1,300,4,7,3,8,37,3,8,6,0,1,1,1,11,40,7,0,3,2,2,58,1419.0
46,10,211,3,14,1,4,102,3,0,0,0,0,0,1,11,36,4,0,3,2,2,49,369.0
47,2,408,1,16,3,5,145,1,3,2,0,0,0,0,21,89,7,4,3,0,0,108,1299.0
48,4,239,3,14,1,5,109,1,3,2,0,0,0,1,16,46,7,0,3,2,0,95,639.0
49,2,574,3,16,1,5,138,3,0,0,0,0,0,1,2,87,11,0,1,2,3,8,466.0
50,10,592,0,0,1,0,0,3,3,3,1,1,0,1,5,17,3,0,0,2,2,43,319.0
51,0,63,3,14,3,5,102,1,3,2,0,1,0,1,8,70,7,0,3,2,3,40,841.0
52,7,51,3,14,1,5,72,1,3,2,0,0,0,0,16,7,7,0,3,2,0,87,398.49
53,7,361,3,7,3,5,48,1,3,2,0,0,0,1,8,70,10,0,3,2,2,109,1103.0
54,0,58,3,14,1,5,117,3,0,0,0,0,0,1,15,38,11,0,1,2,2,55,384.0
55,4,240,3,14,3,5,94,1,3,2,0,0,0,1,8,70,7,0,3,2,0,77,767.8
56,7,16,3,14,1,5,77,1,3,2,0,0,0,1,11,36,4,0,3,2,2,49,439.0
57,2,538,3,14,1,5,84,3,0,0,0,0,0,1,16,46,7,0,3,2,2,55,586.19
58,11,181,1,16,5,5,118,1,3,2,0,0,0,1,19,66,7,5,3,0,3,22,2449.0
59,2,562,3,14,1,2,84,1,3,2,0,0,0,1,11,36,7,0,3,2,2,49,415.0
60,4,252,3,16,5,5,138,1,3,2,0,0,0,1,8,70,7,5,3,0,0,78,1299.0
61,4,550,4,10,3,5,61,1,3,2,0,0,0,1,7,53,7,0,3,2,2,109,879.0
62,10,220,3,10,3,4,61,1,3,2,0,1,0,1,18,39,7,0,3,2,2,55,599.0
63,2,500,3,10,3,5,40,1,3,2,0,0,0,1,7,53,7,0,3,2,2,109,941.0
64,7,50,3,14,3,5,72,1,3,2,0,0,0,1,16,46,7,0,3,2,2,55,690.0
65,2,601,4,14,5,5,68,1,3,2,0,0,0,1,19,66,10,0,3,2,3,18,1983.0
66,7,50,3,14,1,5,72,3,0,0,0,0,0,1,11,36,8,0,1,2,0,77,438.69
67,7,428,3,10,1,5,44,3,0,0,0,0,0,1,7,21,2,0,3,2,2,43,229.0
68,10,524,3,14,1,5,76,1,3,2,0,0,0,1,16,46,11,0,1,2,2,55,549.0
69,2,142,1,16,4,2,143,1,3,2,0,0,0,1,19,66,11,0,1,2,3,18,949.0
70,13,429,4,8,1,6,26,3,5,5,1,0,0,1,16,46,4,0,3,2,2,55,1089.0
71,4,242,4,7,3,5,40,1,3,2,0,1,0,1,8,70,7,0,3,2,0,78,955.0
72,4,247,3,14,3,5,102,1,3,2,0,0,0,1,8,70,7,0,3,2,0,78,870.0
73,11,163,1,16,3,5,131,1,3,2,0,0,0,1,16,47,4,4,3,0,3,17,1095.0
74,0,69,3,10,3,5,93,3,0,0,0,0,0,1,11,36,11,0,1,2,2,49,389.0
75,2,133,1,14,3,5,102,1,3,2,0,0,0,1,19,66,11,0,1,2,3,17,949.0
76,10,210,3,14,3,4,102,1,3,2,0,0,0,1,16,46,12,0,1,2,2,55,519.0
77,4,247,3,14,3,5,85,1,3,2,0,0,0,1,8,70,4,4,3,0,2,109,855.0
78,0,64,3,14,1,5,102,1,3,2,0,0,0,1,18,39,11,0,1,2,3,39,530.0
79,7,364,3,16,3,5,120,1,3,2,0,0,0,1,7,53,4,4,3,0,3,11,977.0
80,4,282,4,14,3,5,74,1,3,2,0,1,0,1,7,53,7,0,3,2,2,109,1096.16
81,1,298,4,3,3,8,3,3,6,4,0,1,1,1,4,40,10,0,3,2,2,54,1510.0
82,7,362,3,10,3,5,57,1,3,2,0,0,0,1,7,53,7,0,3,2,2,55,860.0
83,10,207,3,14,1,5,102,1,3,2,0,0,0,0,16,7,4,0,3,2,0,76,399.0
84,0,58,3,14,1,5,93,3,0,0,0,0,0,0,21,11,11,0,1,2,0,88,395.0
85,4,258,1,14,5,5,128,1,3,2,0,1,0,1,19,66,4,4,3,0,3,18,1349.0
86,7,326,4,14,3,5,69,1,3,2,0,1,0,1,8,70,7,0,3,2,3,27,699.0
87,7,50,3,14,3,5,81,1,3,2,0,0,0,1,16,46,7,0,3,2,2,55,598.99
88,2,134,1,14,5,5,102,1,3,2,0,1,0,1,19,66,4,4,3,0,3,21,1449.0
89,4,576,4,7,3,5,21,1,3,2,0,1,0,1,8,70,7,0,3,2,2,109,1649.0
90,2,135,1,14,3,5,119,1,3,2,0,0,0,0,21,81,11,0,1,2,0,107,699.0
91,0,59,3,14,3,5,102,1,3,2,0,0,0,1,8,70,11,0,1,2,3,40,689.0
92,7,368,3,7,5,5,48,1,3,2,0,0,0,1,8,70,10,0,3,2,2,109,1197.0
93,4,258,1,14,3,5,128,1,3,2,0,0,0,1,16,47,7,0,3,2,3,21,1195.0
94,2,616,4,10,3,5,25,1,3,2,0,0,0,1,18,62,7,0,3,2,2,55,1049.0
95,0,423,0,7,3,5,49,1,3,2,1,1,0,1,7,53,7,0,3,2,2,109,847.0
96,4,239,3,14,3,2,102,1,3,2,0,0,0,1,18,62,11,0,1,2,0,95,599.9
97,4,239,3,14,1,2,102,1,3,2,0,0,0,1,11,36,7,0,3,2,0,95,485.0
98,2,563,3,14,2,5,84,1,3,2,0,0,0,1,15,38,7,0,3,2,3,7,577.0
99,7,314,1,14,4,5,126,1,3,2,0,1,0,1,19,66,4,4,3,0,3,17,1249.0
100,7,21,3,14,3,5,77,1,3,2,0,0,0,1,18,62,7,0,3,2,0,78,719.0
101,7,29,3,14,1,5,93,1,3,2,0,0,0,0,6,79,8,0,1,2,0,83,349.0
102,4,240,3,14,3,2,102,1,3,2,0,0,0,1,7,53,11,0,1,2,0,77,647.0
103,7,124,4,7,3,5,38,1,3,2,0,1,0,1,18,62,7,0,3,2,3,40,1119.0
104,13,429,4,8,3,6,26,3,5,5,1,0,0,1,16,46,7,0,3,2,2,55,1340.0
105,7,323,3,10,2,5,53,1,3,2,0,1,0,1,16,46,7,0,3,2,3,14,659.0
106,10,228,3,14,1,5,71,1,3,2,0,0,0,1,11,36,11,0,1,2,2,49,414.9
107,2,501,4,10,3,5,31,1,3,2,0,1,0,1,18,62,7,0,3,2,3,14,1193.0
108,11,167,1,14,5,5,102,1,3,2,0,0,0,1,19,66,7,4,3,0,3,18,1299.0
109,10,486,3,10,3,5,53,1,3,2,0,1,0,1,18,62,7,0,3,2,2,55,1480.0
110,2,541,4,14,5,5,49,1,3,2,0,0,0,1,8,70,7,4,3,0,3,40,1262.0
111,4,576,4,7,3,5,23,2,11,7,1,0,0,1,15,63,7,0,3,2,2,60,1379.0
112,10,474,0,7,3,5,37,1,3,2,1,1,0,1,16,46,7,0,3,2,2,55,1399.0
113,7,369,3,10,1,5,57,3,0,0,0,1,0,1,7,53,8,0,1,2,2,109,722.0
114,4,576,4,7,3,5,21,1,3,2,0,1,0,1,7,53,7,0,3,2,2,109,1629.0
115,7,421,0,7,3,5,27,1,3,2,1,1,0,1,7,53,7,0,3,2,2,109,1398.99
116,7,369,3,10,3,5,57,1,3,2,0,0,0,1,8,70,10,0,3,2,2,109,1084.0
117,4,257,3,14,3,5,97,1,3,2,0,1,0,1,8,70,7,4,3,0,3,14,1130.33
118,2,572,3,16,1,5,84,1,3,2,0,0,0,1,11,36,11,0,1,2,3,8,564.0
119,2,541,3,14,3,5,61,1,3,2,0,0,0,1,8,70,7,0,3,2,3,14,1118.0
120,0,422,3,14,2,5,93,1,3,2,1,1,0,1,15,38,11,0,1,2,2,55,479.0
121,11,178,1,14,5,5,68,1,3,2,0,0,0,1,19,66,7,5,3,0,3,22,2241.5
122,10,210,3,14,3,4,102,1,3,2,0,0,0,1,16,46,7,0,3,2,3,14,629.0
123,7,371,3,16,5,5,120,1,3,2,0,0,0,1,8,70,10,0,3,2,3,12,1271.0
124,0,58,3,14,1,5,93,3,0,0,0,0,0,0,21,11,7,0,3,2,0,88,451.0
125,7,50,3,14,1,4,72,3,0,0,0,0,0,1,7,21,8,0,1,2,2,43,259.0
126,7,369,3,10,3,5,57,1,3,2,0,0,0,1,7,53,11,0,1,2,2,109,812.0
127,2,103,3,10,1,6,59,3,0,0,0,0,0,0,6,73,3,0,3,2,0,83,277.99
128,4,252,3,16,5,5,138,1,3,2,0,0,0,1,8,70,7,5,3,0,0,78,1396.0
129,7,364,3,16,3,5,120,1,3,2,0,0,0,1,7,53,7,0,3,2,2,109,928.0
130,4,245,3,14,3,5,114,3,0,0,0,0,0,1,16,46,11,0,1,2,0,101,638.99
131,4,239,3,14,1,5,102,1,3,2,0,0,0,1,11,36,11,0,1,2,0,95,449.0
132,0,430,4,10,3,5,55,1,3,2,0,1,0,1,8,70,7,0,3,2,2,109,884.0
133,0,65,3,14,1,5,102,1,3,2,0,0,0,1,18,39,7,0,3,2,3,39,572.0
134,7,7,3,14,3,5,88,3,0,0,0,0,0,1,18,62,11,0,1,2,2,55,598.0
135,7,369,3,10,3,5,57,1,3,2,0,0,0,1,8,70,7,0,3,2,2,109,988.0
136,10,504,3,14,1,4,76,3,0,0,0,0,0,1,2,22,11,0,1,2,2,45,252.36
137,2,140,1,16,3,5,143,1,3,2,0,0,0,1,16,47,4,4,3,0,3,17,938.0
138,10,210,3,14,1,4,102,1,3,2,0,0,0,1,16,46,11,0,1,2,3,8,499.0
139,7,123,3,7,1,5,33,1,3,2,0,1,0,1,16,46,7,0,3,2,2,55,699.0
140,0,59,3,16,1,5,143,1,3,2,0,1,0,1,18,39,11,0,1,2,3,39,655.0
141,10,455,3,10,3,5,64,1,3,2,0,1,0,1,7,53,7,0,3,2,0,106,1116.02
142,10,291,1,14,3,4,117,1,3,2,0,1,0,1,19,66,7,0,3,2,3,19,869.0
143,16,411,3,14,1,5,93,3,0,0,0,0,0,1,14,41,8,0,1,2,2,49,602.0
144,7,51,3,14,1,5,72,3,0,0,0,0,0,0,16,7,7,0,3,2,0,87,369.0
145,2,607,4,10,3,5,25,1,3,2,0,0,0,1,8,70,7,0,3,2,2,109,1099.0
146,7,113,4,5,3,5,4,0,12,9,1,1,0,1,3,29,10,0,3,2,2,48,2014.0
147,2,555,3,14,1,5,84,1,3,2,0,0,0,1,2,22,11,0,1,2,2,45,344.0
148,11,152,1,16,5,5,140,1,3,2,0,0,0,1,19,66,7,4,3,0,3,22,2029.0
149,0,62,3,14,1,5,93,3,0,0,0,0,0,1,11,36,11,0,1,2,2,49,447.0
150,4,248,1,14,5,5,122,1,3,2,0,0,0,1,19,66,10,0,3,2,3,17,1249.26
151,4,256,1,14,3,5,126,1,3,2,0,0,0,1,19,66,11,0,2,2,3,17,899.0
152,10,505,3,14,1,5,76,3,0,0,0,0,0,1,16,46,4,0,3,2,2,55,498.0
153,11,155,1,16,5,5,138,1,3,2,0,0,0,1,19,66,7,4,3,0,3,21,1890.0
154,7,111,4,10,1,5,47,1,3,2,0,0,0,1,18,50,7,0,3,2,2,55,1082.0
155,7,9,3,14,2,5,77,1,3,2,0,0,0,1,7,53,7,0,3,2,0,77,619.0
156,10,583,0,10,1,5,63,1,3,2,1,1,0,1,15,38,7,0,3,2,2,55,629.0
157,2,600,0,7,3,5,10,1,3,2,1,0,0,1,7,53,7,0,3,2,2,55,1315.0
158,4,250,0,14,3,5,52,1,3,2,1,0,0,1,8,70,7,0,3,2,2,109,1049.0
159,16,411,3,14,1,5,93,3,0,0,0,0,0,1,13,36,8,0,1,2,2,49,447.0
160,2,569,3,14,1,5,86,3,0,0,0,0,0,0,21,11,11,0,1,2,0,93,403.0
161,0,67,3,16,1,5,143,1,3,2,0,1,0,1,7,53,7,0,3,2,3,40,805.0
162,4,240,3,14,3,5,94,1,3,2,0,0,0,1,7,53,7,0,3,2,0,77,728.0
163,10,291,1,14,5,5,120,1,3,2,0,1,0,1,19,66,7,0,3,2,3,18,1079.0
164,0,61,3,14,1,5,93,3,0,0,0,0,0,1,2,22,11,0,1,2,2,45,348.0
165,11,149,1,14,5,5,117,1,3,2,0,1,0,1,19,66,7,4,3,0,3,21,1799.0
166,0,58,3,14,1,5,93,3,0,0,0,0,0,1,2,87,11,0,1,2,2,46,363.51
167,4,248,1,14,3,5,122,1,3,2,0,0,0,1,19,66,4,4,3,0,3,17,1060.49
168,0,67,3,16,3,5,143,1,3,2,0,1,0,1,7,53,7,0,3,2,3,40,854.0
169,7,361,3,7,1,5,48,1,3,2,0,1,0,1,7,53,8,0,1,2,2,109,754.0
170,8,302,4,6,3,5,7,1,4,4,0,1,0,1,16,46,7,0,3,2,2,55,1349.0
171,7,47,3,16,2,5,132,1,3,2,0,1,0,1,16,46,12,0,1,2,0,77,699.0
172,10,207,3,14,1,4,102,3,0,0,0,0,0,0,20,7,8,0,1,2,0,87,309.0
173,16,411,3,14,1,5,84,3,0,0,0,0,0,1,15,38,8,0,1,2,2,55,489.0
174,7,364,3,16,3,5,120,1,3,2,0,0,0,1,7,53,7,0,3,2,3,11,923.0
175,4,239,3,14,3,5,109,3,0,0,0,0,0,1,15,38,11,0,1,2,2,55,459.0
176,0,62,3,14,1,5,93,3,0,0,0,0,0,1,11,36,4,0,3,2,2,49,449.0
177,11,190,1,17,7,5,166,1,3,2,0,0,0,1,20,61,10,4,3,0,3,4,2799.0
178,10,518,3,14,3,5,76,1,3,2,0,0,0,1,16,46,4,4,3,0,0,75,813.0
179,7,421,0,7,3,5,30,0,12,9,1,1,0,1,7,53,7,0,3,2,2,109,1499.0
180,4,247,3,14,5,2,85,1,3,2,0,0,0,1,8,70,7,5,3,0,0,78,1049.0
181,4,576,4,7,3,5,23,1,3,2,0,0,0,1,7,53,7,0,3,2,2,109,1399.0
182,10,591,0,9,5,5,40,0,12,9,1,1,0,1,8,70,10,0,3,2,2,109,1849.0
183,16,411,3,14,3,5,84,3,0,0,0,0,0,1,16,46,4,0,3,2,2,55,793.0
184,18,303,3,14,3,4,80,1,3,2,0,1,0,1,7,53,7,0,3,2,3,40,1199.0
185,4,260,3,16,5,5,136,1,3,2,1,0,0,1,8,70,10,0,3,2,3,5,1549.0
186,4,577,3,14,5,5,89,0,12,9,1,0,0,1,19,66,10,0,3,2,3,17,2397.0
187,10,291,1,14,3,4,117,1,3,2,0,1,0,1,16,47,7,0,3,2,3,17,779.0
188,0,431,4,7,3,5,12,1,3,2,0,1,0,1,3,51,7,0,3,2,2,54,989.0
189,4,252,3,16,3,5,138,1,3,2,0,0,0,1,8,70,4,4,3,0,0,78,1085.0
190,10,494,0,10,5,5,42,3,8,4,1,0,0,1,18,62,11,0,3,2,2,55,2824.0
191,17,264,3,10,1,5,31,1,3,2,0,1,0,1,2,22,2,0,0,2,2,45,260.0
192,18,303,4,7,3,4,31,1,3,2,0,1,0,1,16,46,7,0,3,2,3,40,999.9
193,10,213,3,16,3,4,138,3,2,1,0,0,0,1,7,53,7,0,3,2,3,40,698.0
194,4,244,0,7,3,5,56,1,3,2,1,1,0,1,8,70,11,0,1,2,2,109,839.0
195,7,364,3,16,3,5,120,1,3,2,0,1,0,1,7,53,11,0,1,2,3,11,914.0
196,14,85,1,16,7,5,153,0,12,9,1,0,0,1,20,67,11,0,3,2,3,24,6099.0
197,7,361,3,7,3,5,48,1,3,2,0,0,0,1,7,53,10,0,3,2,2,109,959.0
198,7,317,1,16,5,5,150,1,3,2,0,1,0,1,19,66,7,4,3,0,3,17,1379.0
199,7,371,3,16,3,5,120,1,3,2,0,0,0,1,8,70,7,0,3,2,3,12,1045.0
200,4,258,1,14,5,5,128,0,12,9,0,1,0,1,19,66,10,4,3,0,3,21,1845.0
201,10,511,3,14,1,5,93,3,0,0,0,0,0,1,14,41,4,0,3,2,2,49,493.0
202,0,71,3,14,3,5,104,1,3,2,0,0,0,1,18,62,11,0,1,2,3,14,742.0
203,10,292,1,14,5,5,145,1,3,2,0,1,0,1,19,66,10,4,3,0,3,21,1749.0
204,4,352,5,14,5,5,138,0,12,9,0,0,0,1,21,90,7,4,3,0,3,66,3055.0
205,10,291,1,14,5,4,117,1,3,2,0,0,0,1,19,66,10,0,3,2,3,21,1398.0
206,4,239,3,14,2,5,109,3,0,0,1,0,0,1,15,38,11,0,1,2,2,55,439.0
207,4,576,4,7,3,5,21,0,12,9,1,1,0,1,8,70,7,0,3,2,2,109,1949.0
208,4,576,4,7,3,5,20,1,3,2,0,0,0,1,8,70,7,0,3,2,2,109,1449.0
209,10,210,3,14,3,5,102,3,0,0,0,0,0,1,16,46,7,0,3,2,2,55,597.0
210,0,60,3,14,3,2,117,1,3,2,0,0,0,1,19,66,11,0,1,2,3,17,779.0
211,2,384,1,16,5,5,140,1,3,2,0,0,0,1,19,66,7,4,3,0,3,17,1407.0
212,7,22,3,14,1,4,93,1,3,2,0,0,0,1,11,36,8,0,1,2,2,49,349.0
213,10,210,3,14,3,4,102,1,3,2,0,0,0,1,16,46,7,0,3,2,2,55,549.0
214,8,302,4,6,3,5,7,1,4,4,0,1,0,1,18,62,10,0,3,2,2,55,1499.0
215,4,242,4,7,3,5,40,1,3,2,0,1,0,1,8,70,7,0,3,2,0,78,931.88
216,10,212,3,16,3,4,138,3,2,1,0,0,0,1,16,46,11,0,1,2,3,27,589.0
217,7,369,3,10,3,5,57,1,3,2,0,0,0,1,8,70,7,0,3,2,3,11,1031.0
218,4,280,4,10,3,5,55,1,3,2,0,0,0,1,7,53,7,0,3,2,2,109,1149.0
219,4,244,0,7,5,5,56,1,3,2,1,0,0,1,8,70,10,0,3,2,2,109,1279.0
220,4,240,3,14,3,2,102,1,3,2,0,0,0,1,7,53,7,0,3,2,0,77,677.35
221,10,583,0,10,3,5,63,1,3,2,0,1,0,1,7,53,7,0,3,2,2,109,899.0
222,16,341,4,7,3,5,20,1,3,2,0,0,0,1,16,55,7,0,3,2,2,49,1363.0
223,7,363,3,14,3,5,93,1,3,2,0,0,0,1,7,53,11,0,1,2,2,109,794.0
224,4,56,1,16,5,5,167,1,3,2,0,1,0,1,19,66,7,4,3,0,3,21,2456.34
225,0,71,3,14,3,5,102,1,3,2,0,0,0,1,18,62,7,0,3,2,3,14,832.0
226,4,245,3,14,5,5,109,1,3,2,1,0,0,1,18,62,11,0,1,2,0,101,859.01
227,2,545,3,14,3,5,84,1,3,2,0,0,0,1,16,46,7,0,3,2,3,9,769.0
228,2,266,3,16,3,5,130,1,3,2,0,0,0,1,16,46,7,2,3,0,3,28,891.0
229,7,594,3,14,3,5,76,1,3,2,0,0,0,1,18,62,11,0,1,2,0,1,1269.0
230,2,359,3,14,1,5,115,3,0,0,0,0,0,1,15,38,11,0,1,2,2,55,398.99
231,7,38,3,14,1,5,93,3,0,0,0,0,0,0,6,76,8,0,1,2,0,83,330.0
232,10,292,1,14,5,5,145,1,3,2,0,1,0,1,19,66,7,4,3,0,3,21,1499.0
233,4,549,3,10,3,5,55,1,3,2,0,0,0,1,16,46,7,0,3,2,2,55,859.0
234,0,79,0,7,3,5,55,1,3,2,1,1,0,1,14,41,7,0,3,2,2,49,689.0
235,4,245,3,14,5,2,114,1,3,2,0,0,0,1,18,62,7,0,3,2,0,101,899.0
236,0,62,3,14,1,2,93,3,0,0,0,0,0,1,11,36,11,0,1,2,2,49,390.0
237,2,570,3,14,1,5,102,1,3,2,0,0,0,0,16,2,4,4,3,0,0,95,575.0
238,2,381,1,16,7,5,170,1,3,2,0,0,0,1,20,67,10,4,3,0,3,24,3890.0
239,0,307,1,14,3,5,120,1,3,2,0,1,0,1,16,47,7,0,3,2,3,17,846.0
240,10,211,3,14,3,5,102,3,0,0,0,0,0,1,11,36,4,0,3,2,2,49,589.0
241,2,539,3,16,3,5,93,1,3,2,0,0,0,1,8,70,4,4,3,0,3,5,1145.0
242,2,129,3,16,3,4,130,1,3,2,0,0,0,1,18,62,4,4,3,0,3,28,889.0
243,4,248,1,14,3,5,122,1,3,2,0,0,0,1,16,47,7,0,3,2,3,17,879.0
244,10,590,0,9,3,5,38,1,3,2,1,1,0,1,18,62,7,0,3,2,2,55,1079.0
245,4,247,3,14,3,5,102,1,3,2,0,0,0,1,8,70,4,5,3,0,0,78,985.0
246,7,20,3,14,3,5,87,3,0,0,1,0,0,1,16,46,11,0,1,2,2,55,559.0
247,2,387,1,16,5,5,156,1,3,2,0,0,0,1,20,67,7,0,3,2,3,24,2999.0
248,7,361,3,7,1,5,48,1,3,2,0,1,0,1,7,53,8,0,1,2,2,109,675.0
249,1,300,4,7,3,8,37,3,8,6,0,1,1,1,22,40,10,0,3,2,2,61,2040.0
250,4,250,0,14,3,5,91,1,3,2,1,1,0,1,8,70,11,0,1,2,2,109,819.0
251,2,382,1,16,5,5,163,1,3,2,0,0,0,1,19,66,7,4,3,0,3,35,1799.0
252,2,552,3,14,1,5,60,3,0,0,0,0,0,0,21,11,11,0,1,2,0,93,469.0
253,10,591,0,9,3,5,37,1,3,2,1,1,0,1,8,70,10,0,3,2,2,109,1849.0
254,0,59,3,16,1,5,143,1,3,2,0,1,0,1,18,39,7,0,3,2,3,39,702.0
255,4,548,4,7,3,5,41,1,3,2,0,0,0,1,7,53,7,0,3,2,2,109,949.0
256,7,13,3,14,3,5,77,3,0,0,0,0,0,0,16,8,4,0,3,2,0,87,445.9
257,7,125,3,16,5,5,140,1,3,2,0,1,0,1,8,70,11,0,1,2,3,40,1059.0
258,11,187,1,16,5,5,161,1,3,2,0,0,0,1,19,66,10,4,3,0,3,22,2499.0
259,10,586,0,14,3,5,84,1,3,2,1,1,0,1,19,66,10,0,3,2,3,19,1699.0
260,4,252,3,16,3,5,138,1,3,2,0,0,0,1,8,70,4,4,3,0,0,78,1142.0
261,10,211,3,14,1,4,102,1,3,2,0,0,0,1,11,36,7,0,3,2,2,49,444.0
262,7,363,3,14,1,5,93,1,3,2,0,1,0,1,7,53,8,0,1,2,2,55,722.0
263,4,547,3,14,1,5,99,1,3,2,0,0,0,1,16,46,11,0,1,2,2,55,657.0
264,4,239,3,14,3,5,105,1,3,2,0,0,0,1,16,46,11,0,1,2,0,95,565.0
265,4,250,0,14,3,5,129,1,3,2,1,0,0,1,7,53,7,0,3,2,2,109,799.0
266,2,600,0,7,3,5,10,1,3,2,1,0,0,1,8,70,10,3,3,3,2,109,1499.0
267,10,210,3,14,1,4,102,1,3,2,0,0,0,1,16,46,11,0,1,2,2,55,467.0
268,7,371,3,16,3,5,120,1,3,2,0,0,0,1,8,70,11,0,1,2,3,12,1018.0
269,10,531,3,14,3,5,88,1,3,2,0,0,0,1,8,70,7,0,3,2,2,109,880.0
270,1,300,4,7,3,8,37,3,8,6,0,1,1,1,20,40,10,0,3,2,2,59,1958.9
271,2,408,1,16,5,5,145,1,3,2,0,0,0,0,21,89,7,4,3,0,0,108,1549.0
272,4,240,3,14,3,2,95,1,3,2,0,0,0,1,8,70,7,0,3,2,0,77,735.07
273,10,472,0,10,5,5,36,3,8,4,1,0,0,1,17,57,10,0,3,2,2,49,2499.0
274,16,411,3,14,3,5,102,3,0,0,0,0,0,1,16,55,8,0,1,2,3,10,812.0
275,4,245,3,14,4,5,109,3,0,0,0,0,0,1,18,62,11,0,1,2,2,55,713.07
276,4,252,3,16,3,2,138,1,3,2,0,0,0,1,8,70,4,4,3,0,0,78,1099.0
277,0,63,3,14,3,5,102,1,3,2,0,1,0,1,8,70,11,0,1,2,3,39,745.0
278,10,214,3,16,1,5,138,3,2,1,0,0,0,1,11,36,11,0,1,2,2,49,489.0
279,10,213,3,16,3,4,138,1,3,2,0,0,0,1,8,70,12,0,1,2,3,40,849.0
280,10,212,3,16,2,5,138,3,2,1,0,0,0,1,18,62,4,4,3,0,3,14,859.0
281,4,239,3,14,1,2,106,1,3,2,0,0,0,1,11,36,11,0,1,2,0,95,428.0
282,10,291,1,14,3,5,120,1,3,2,0,1,0,1,16,47,7,0,3,2,3,17,829.0
283,10,230,3,14,2,5,102,1,3,2,0,0,0,1,16,46,7,0,3,2,2,55,579.0
284,0,67,3,14,3,5,143,1,3,2,0,1,0,1,8,70,7,0,3,2,3,40,951.0
285,0,409,3,14,4,5,96,1,3,2,1,1,0,1,18,62,11,0,1,2,2,55,659.0
286,10,490,3,14,3,5,80,1,3,2,0,1,0,1,18,62,7,0,3,2,2,57,1097.0
287,2,541,4,14,3,5,61,1,3,2,0,0,0,1,16,46,7,0,3,2,3,14,977.0
288,10,291,1,14,5,5,120,1,3,2,0,1,0,1,19,66,7,4,3,0,3,18,1179.0
289,10,209,3,14,3,4,102,1,3,2,0,0,0,1,18,62,11,0,1,2,3,14,659.01
290,0,97,3,14,0,1,100,3,0,0,0,0,0,1,6,18,1,0,3,2,2,42,199.0
291,2,139,1,16,3,5,143,1,3,2,0,0,0,1,19,66,11,0,1,2,3,17,1187.0
292,7,40,3,16,3,5,121,3,2,1,0,0,0,1,11,36,11,0,1,2,2,49,489.0
293,4,577,3,14,3,5,84,1,3,2,0,0,0,1,19,66,7,0,3,2,3,17,1829.0
294,10,530,3,14,3,5,88,1,3,2,0,0,0,1,7,53,7,0,3,2,2,109,739.0
295,10,292,1,14,3,5,145,1,3,2,0,1,0,1,19,66,11,0,1,2,3,21,1299.0
296,0,68,3,14,3,2,120,1,3,2,0,0,0,1,19,66,7,0,3,2,3,18,979.0
297,4,353,5,16,5,5,152,1,3,2,0,0,0,1,20,68,7,0,3,2,3,66,2884.86
298,10,202,3,14,2,5,117,1,3,2,0,0,0,0,15,0,11,0,1,2,0,89,499.0
299,2,610,4,14,5,5,57,1,3,2,0,0,0,1,18,62,10,0,3,2,3,14,1468.0
300,2,540,3,10,1,5,31,3,0,0,0,0,0,1,15,38,4,0,3,2,2,55,509.0
301,2,402,1,16,5,5,140,1,3,2,0,0,0,1,19,66,7,4,3,0,3,22,2122.0
302,10,212,3,16,2,5,138,3,2,1,0,0,0,1,16,46,11,0,1,2,3,26,649.0
303,10,210,3,14,3,4,102,3,0,0,0,0,0,1,16,46,12,0,1,2,3,14,549.0
304,2,157,1,14,3,5,120,1,3,2,0,0,0,1,19,66,4,4,3,0,3,18,1265.0
305,10,208,3,14,1,4,102,3,0,0,0,0,0,1,2,87,11,0,1,2,2,46,359.99
306,7,114,0,7,5,5,29,1,3,2,1,0,0,1,19,64,7,0,3,2,2,55,1975.0
307,16,411,3,14,3,5,102,1,3,2,0,1,0,1,16,55,7,0,3,2,3,10,1043.0
308,10,209,3,14,3,5,109,1,3,2,0,0,0,1,16,46,4,4,3,0,3,14,819.0
309,7,50,3,14,1,5,72,1,3,2,0,0,0,1,11,36,11,0,1,2,2,49,469.0
310,10,222,3,7,3,5,10,1,3,2,0,1,0,1,16,46,7,0,3,2,2,55,999.0
311,4,576,4,7,5,5,21,0,12,9,1,1,0,1,8,70,11,0,3,2,2,109,2499.0
312,11,150,1,14,5,5,138,1,3,2,0,1,0,1,19,66,7,4,3,0,3,22,2099.0
313,0,107,3,14,3,5,104,1,3,2,0,0,0,0,13,9,7,0,3,2,0,88,469.0
314,2,536,0,2,0,5,10,3,0,0,1,0,0,1,2,22,2,0,0,2,2,45,275.0
315,4,247,3,14,3,5,112,1,3,2,0,0,0,1,7,53,4,4,3,0,0,78,844.0
316,7,421,0,7,5,5,30,0,12,9,1,1,0,1,8,70,11,0,3,2,2,109,2449.0
317,10,453,3,7,1,1,45,3,0,0,0,0,0,1,7,19,1,0,0,2,2,47,459.9
318,7,365,3,10,3,5,80,1,3,2,0,0,0,1,16,46,7,0,3,2,2,55,980.0
319,0,495,3,2,1,5,40,3,0,0,0,0,0,1,7,86,4,0,0,2,2,44,485.0
320,7,117,3,10,3,5,47,1,3,2,0,0,0,1,18,62,7,0,3,2,2,55,1292.0
321,10,212,3,16,1,5,137,3,2,1,0,0,0,1,16,46,11,0,1,2,3,8,589.0
322,2,606,3,10,3,5,84,1,3,2,0,0,0,1,18,62,7,0,3,2,2,55,1094.0
323,7,363,3,14,3,5,93,1,0,0,0,1,0,1,8,70,11,0,1,2,2,109,902.0
324,0,59,3,14,3,5,102,3,0,0,0,0,0,0,18,4,7,0,3,2,0,105,659.0
325,10,200,3,10,1,5,44,3,0,0,0,0,0,1,2,22,2,0,0,2,2,45,292.0
326,0,70,3,14,2,5,104,3,0,0,0,0,0,1,16,46,11,0,1,2,2,55,549.0
327,2,541,4,14,3,5,61,1,3,2,0,0,0,1,18,62,7,0,3,2,3,14,1049.9
328,7,116,4,5,3,5,27,1,3,2,0,0,0,1,18,62,7,0,3,2,2,55,1335.0
329,4,577,3,14,7,5,89,0,12,9,1,0,0,1,19,66,11,0,3,2,3,17,2639.0
330,11,164,1,16,3,5,131,1,3,2,0,0,0,1,19,66,7,4,3,0,3,18,1199.0
331,16,411,3,14,3,5,84,1,3,2,0,1,0,1,16,46,7,0,3,2,2,55,943.0
332,2,502,3,10,3,5,84,1,3,2,0,0,0,1,18,62,7,4,3,0,2,55,1334.0
333,10,521,3,14,1,5,71,1,3,2,0,0,0,1,11,36,11,0,1,2,2,49,449.0
334,2,137,1,14,3,5,120,1,3,2,0,0,0,1,19,66,7,0,3,2,3,17,999.0
335,7,111,3,10,3,5,47,1,3,2,0,0,0,1,17,48,7,0,3,2,2,55,1268.0
336,4,257,4,14,3,5,76,1,3,2,0,1,0,1,7,53,4,4,3,0,3,14,1049.0
337,7,118,3,14,3,5,70,1,3,2,0,0,0,1,16,46,7,0,3,2,2,55,1144.0
338,2,556,3,14,1,2,84,3,0,0,0,0,0,1,2,22,11,0,1,2,2,45,274.99
339,4,257,3,14,3,5,84,1,3,2,0,0,0,1,7,53,7,0,3,2,3,14,1142.75
340,4,238,3,14,1,2,102,3,0,0,0,0,0,1,7,21,8,0,1,2,2,42,274.9
341,10,206,3,14,4,5,102,1,3,2,0,0,0,0,24,4,12,0,1,2,0,78,899.0
342,7,363,3,14,3,5,93,1,3,2,0,1,0,1,15,38,11,0,1,2,3,12,716.0
343,10,591,0,9,5,5,40,0,12,9,1,1,0,1,8,70,10,0,3,2,2,109,2099.0
344,4,576,4,7,3,5,20,1,3,2,0,0,0,1,8,70,7,0,3,2,2,109,1579.0
345,10,291,1,14,5,5,117,1,3,2,0,1,0,1,19,66,7,5,3,0,3,18,1129.0
346,7,427,3,10,0,5,44,3,0,0,0,0,0,1,7,21,2,0,0,2,2,43,279.0
347,4,282,4,14,5,5,74,1,3,2,0,0,0,1,9,71,10,1,3,3,2,109,1607.96
348,2,536,0,2,1,5,49,3,0,0,1,0,0,1,2,22,2,0,0,2,2,45,375.0
349,4,247,4,14,3,5,76,1,3,2,0,0,0,1,7,53,11,0,1,2,0,78,663.0
350,4,577,3,14,5,5,89,0,12,9,1,0,0,1,19,66,10,0,3,2,3,17,2027.42
351,7,118,3,14,3,5,70,1,3,2,0,0,0,1,18,62,7,0,3,2,2,55,1304.0
352,11,171,1,16,3,5,131,1,3,2,0,0,0,1,19,66,4,4,3,0,3,21,1409.0
353,7,597,5,14,3,5,125,1,3,2,0,0,0,1,19,66,7,0,3,2,3,66,1738.27
354,16,440,3,14,5,5,117,1,3,2,0,1,0,1,16,55,10,0,3,2,3,10,1403.0
355,4,247,3,14,3,5,85,1,3,2,0,0,0,1,8,70,4,5,3,0,0,78,970.9
356,10,208,3,14,1,4,102,3,0,0,0,0,0,1,2,22,11,0,1,2,2,45,321.99
357,4,258,1,14,3,5,128,1,3,2,0,0,0,1,16,47,11,0,1,2,3,17,999.0
358,4,239,3,14,3,5,114,3,0,0,1,0,0,1,16,46,12,0,1,2,2,55,557.37
359,4,285,3,10,3,5,36,1,3,2,0,0,0,1,17,48,7,0,3,2,2,55,1427.0
360,7,50,3,14,1,5,72,3,0,0,0,0,0,1,11,36,8,0,1,2,2,49,439.0
361,2,615,3,10,3,5,84,1,3,2,0,0,0,1,16,46,7,0,3,2,2,55,945.0
362,10,212,3,16,2,5,138,3,2,1,0,0,0,1,16,46,4,4,3,0,3,27,719.0
363,7,50,3,14,3,5,72,1,3,2,0,0,0,1,16,46,11,0,1,2,2,55,639.0
364,10,211,3,14,3,4,102,3,0,0,0,0,0,1,11,36,7,0,3,2,3,9,499.0
365,7,3,3,14,3,5,87,3,0,0,0,0,0,1,7,86,12,0,1,2,2,44,389.0
366,4,252,3,16,3,5,138,1,3,2,0,0,0,1,7,53,4,4,3,0,0,78,1085.0
367,10,291,1,14,3,4,117,1,3,2,0,1,0,1,16,47,4,4,3,0,3,17,809.0
368,4,245,3,14,3,5,112,1,3,2,0,0,0,1,18,62,7,0,3,2,0,101,899.0
369,7,115,4,10,3,5,36,1,3,2,0,1,0,1,18,62,7,0,3,2,2,55,1750.0
370,2,600,0,14,4,5,107,1,3,2,1,0,0,1,18,62,10,5,3,0,3,16,1099.0
371,0,58,3,14,1,5,93,3,0,0,0,0,0,0,21,11,4,0,3,2,0,88,426.0
372,2,408,1,16,5,5,147,1,3,2,0,1,0,0,21,89,7,4,3,0,0,108,2199.0
373,10,199,3,16,1,5,125,3,2,1,0,0,0,0,13,9,4,0,3,2,0,88,489.0
374,4,244,0,7,3,5,56,1,3,2,1,0,0,1,8,70,7,0,3,2,2,109,869.01
375,7,31,3,14,1,5,77,1,3,2,0,0,0,0,21,11,7,0,3,2,0,88,488.99
376,10,578,2,2,1,5,54,3,0,0,0,1,0,1,2,24,4,0,3,2,2,45,553.0
377,4,238,3,14,1,5,68,3,0,0,0,0,0,1,7,21,8,0,1,2,2,43,309.0
378,2,535,3,10,1,5,49,3,0,0,0,0,0,1,2,22,2,0,0,2,2,45,286.0
379,0,60,3,14,3,2,117,1,3,2,0,0,0,1,19,66,11,0,1,2,3,17,846.0
380,7,321,1,16,3,5,150,1,3,2,0,1,0,1,19,66,4,4,3,0,3,17,1191.0
381,10,520,3,14,1,4,71,1,3,2,0,0,0,1,11,36,4,0,3,2,2,49,403.5
382,2,385,1,14,3,5,109,1,3,2,0,1,0,1,19,66,4,4,3,0,3,21,1655.0
383,10,223,3,10,3,5,49,1,3,2,0,1,0,1,16,46,7,0,3,2,3,14,1099.0
384,2,612,4,7,5,5,10,1,3,2,1,0,0,1,18,62,10,0,3,2,2,55,1748.9
385,10,491,4,10,3,5,13,3,8,4,0,1,0,1,18,62,10,0,3,2,2,55,2282.0
386,10,233,3,7,1,5,49,1,3,2,0,1,0,1,15,38,4,0,3,2,2,55,549.0
387,4,349,5,14,3,5,104,1,3,2,0,0,0,1,17,45,8,0,1,2,0,2,1369.0
388,4,351,5,14,3,5,84,1,3,2,0,1,0,1,18,60,7,0,3,2,3,66,2135.0
389,10,472,0,10,5,5,42,3,8,4,1,0,0,1,18,62,10,0,3,2,2,55,2509.0
390,2,404,1,16,3,5,143,1,3,2,0,0,0,1,19,66,11,0,1,2,3,17,1039.0
391,2,407,1,16,5,5,143,1,3,2,0,0,0,1,19,66,7,4,3,0,3,18,1591.0
392,0,59,3,14,4,5,102,3,0,0,0,1,0,1,7,53,11,0,1,2,3,39,693.99
393,11,294,1,16,3,5,131,1,3,2,0,0,0,1,19,66,7,0,3,2,3,18,1349.0
394,4,245,3,14,3,2,112,1,3,2,0,0,0,1,18,62,7,0,3,2,0,101,778.87
395,7,10,4,14,1,5,77,1,3,2,0,0,0,0,21,11,7,0,3,2,0,77,499.0
396,10,457,3,14,3,5,93,1,3,2,0,1,0,1,8,70,7,0,3,2,0,106,1229.56
397,10,459,3,10,3,5,76,1,3,2,0,1,0,1,16,46,7,0,3,2,2,55,938.0
398,4,354,5,14,3,5,66,0,12,9,1,0,0,1,19,66,7,0,3,2,3,66,2712.0
399,10,491,4,10,5,5,13,3,8,4,0,1,0,1,18,62,11,0,3,2,2,55,2625.0
400,10,208,3,14,1,5,102,3,0,0,0,0,0,1,2,22,11,0,1,2,2,45,306.0
401,2,141,1,16,5,5,140,1,3,2,0,0,0,1,19,66,7,4,3,0,3,17,1529.0
402,10,457,3,14,3,5,93,1,3,2,0,1,0,1,7,53,7,4,3,0,0,106,1144.5
403,0,60,3,14,3,2,120,1,3,2,0,0,0,1,19,66,7,0,3,2,3,17,879.0
404,11,156,1,16,5,5,138,1,3,2,0,0,0,1,19,66,7,4,3,0,3,22,2249.0
405,2,611,4,10,3,5,10,1,3,2,0,0,0,1,18,62,10,0,3,2,2,55,1873.0
406,16,342,4,7,5,5,20,1,3,2,0,0,0,1,16,55,10,0,3,2,2,49,1747.0
407,4,285,4,10,3,5,36,1,3,2,0,0,0,1,19,64,10,0,3,2,2,42,1680.0
408,10,211,3,14,1,5,102,1,3,2,0,0,0,1,11,36,8,0,1,2,2,49,409.0
409,10,293,3,2,0,5,15,3,0,0,0,0,0,1,2,22,2,0,0,2,2,45,304.45
410,10,462,5,14,3,5,129,1,3,2,0,0,0,1,19,66,10,0,3,2,3,66,1925.0
411,10,487,4,10,3,5,61,1,8,4,0,1,0,1,19,66,10,0,3,2,3,16,1943.0
412,7,6,3,14,1,5,93,1,3,2,0,0,0,1,11,36,11,0,1,2,0,77,469.0
413,0,79,0,7,3,5,55,1,3,2,1,1,0,1,16,55,7,0,3,2,2,49,789.01
414,2,600,0,7,3,5,28,1,3,2,1,1,0,1,16,46,7,0,3,2,2,55,928.0
415,4,239,3,14,1,2,109,1,3,2,0,0,0,1,16,46,7,0,3,2,0,95,598.9
416,4,274,3,7,1,5,59,3,0,0,0,0,0,1,11,36,4,0,3,2,2,49,689.0
417,7,109,4,10,3,5,43,1,3,2,0,0,0,1,16,55,7,0,3,2,2,49,1500.0
418,4,239,3,14,3,5,95,3,0,0,0,0,0,1,16,46,11,0,1,2,2,55,539.95
419,10,455,4,10,3,5,64,1,3,2,0,1,0,1,8,70,7,0,3,2,0,106,1215.38
420,10,586,0,14,5,5,84,0,12,9,1,1,0,1,19,66,10,0,3,2,3,17,1899.0
421,3,269,3,4,2,5,40,3,9,8,0,1,1,1,2,24,3,0,0,2,2,45,449.0
422,7,366,3,14,3,5,110,1,3,2,0,0,0,1,20,68,7,0,3,2,2,57,1427.0
423,2,564,3,14,3,2,109,1,3,2,0,0,0,1,15,38,11,0,1,2,3,14,597.0
424,4,56,1,16,5,5,167,3,8,4,0,1,0,1,20,67,7,4,3,0,3,22,2799.0
425,4,258,1,14,3,5,126,1,3,2,0,1,0,1,19,66,4,4,3,0,3,18,1159.0
426,4,247,3,14,3,5,85,1,3,2,0,0,0,1,8,70,7,5,3,0,0,78,1142.4
427,4,279,4,10,3,2,55,1,3,2,0,0,0,1,19,64,7,0,3,2,2,55,1099.0
428,7,320,1,16,4,5,150,1,3,2,0,0,0,1,19,66,7,4,3,0,3,22,1999.0
429,12,145,0,2,1,5,16,1,3,2,1,1,0,1,2,22,2,0,3,2,2,45,299.0
430,15,93,2,2,1,1,15,3,0,0,0,0,0,1,7,21,1,0,0,2,2,43,269.0
431,10,475,3,7,3,5,40,1,3,2,0,1,0,1,18,62,7,0,3,2,2,55,1010.0
432,10,215,3,10,1,5,61,1,3,2,0,1,0,1,18,39,4,0,3,2,2,55,599.0
433,10,490,5,14,5,5,109,0,12,9,0,1,0,1,19,64,10,0,3,2,3,14,2445.0
434,10,480,3,14,5,5,120,1,3,2,0,0,0,1,20,68,10,0,3,2,3,69,2449.0
435,2,408,1,16,3,5,145,1,3,2,0,0,0,0,23,88,7,4,3,0,0,108,1695.0
436,7,37,3,14,1,5,93,3,0,0,0,0,0,1,7,21,8,0,1,2,2,43,347.0
437,6,331,4,4,5,1,10,3,7,6,1,0,0,1,4,69,10,0,3,2,2,54,2199.0
438,10,469,4,10,6,5,33,3,8,4,0,0,0,1,18,62,10,0,3,2,2,55,2382.0
439,2,538,3,14,1,2,84,1,3,2,0,0,0,1,16,46,7,0,3,2,2,55,559.0
440,10,207,3,16,3,5,138,3,2,1,0,0,0,0,16,7,11,0,1,2,0,86,519.0
441,4,247,3,14,1,5,102,1,3,2,0,0,0,1,7,53,7,0,3,2,0,78,749.0
442,10,473,4,5,3,5,36,1,3,2,0,1,0,1,16,46,7,0,3,2,2,55,1429.0
443,10,208,3,14,1,5,102,1,3,2,0,0,0,1,2,87,4,0,3,2,2,46,349.0
444,7,312,1,14,3,5,102,1,3,2,0,1,0,1,19,66,4,4,3,0,3,17,1099.0
445,4,279,3,10,3,5,58,1,3,2,0,0,0,1,19,49,7,0,3,2,3,11,1179.0
446,0,76,3,14,1,2,117,3,0,0,0,0,0,1,16,46,8,0,1,2,2,55,441.8
447,4,350,5,14,3,5,104,1,3,2,0,0,0,1,21,90,3,4,0,0,3,73,1993.0
448,11,191,1,14,3,5,102,1,3,2,0,0,0,1,16,47,7,0,3,2,3,17,1027.74
449,13,429,4,8,5,6,25,3,5,5,1,0,0,1,16,65,10,0,3,2,2,60,2589.0
450,7,24,3,14,3,5,77,3,0,0,0,0,0,1,16,46,4,0,3,2,2,55,589.0
451,4,350,5,14,5,5,98,1,3,2,0,1,0,1,18,60,7,0,3,2,3,73,1975.0
452,7,366,5,14,3,5,110,1,3,2,0,1,0,1,20,68,10,0,3,2,2,55,1534.0
453,10,467,3,10,3,5,59,1,3,2,0,0,0,1,16,46,7,0,3,2,2,55,1345.0
454,4,247,3,14,3,5,114,1,3,2,0,0,0,1,8,70,4,4,3,0,0,78,979.0
455,4,236,0,2,1,5,46,3,0,0,1,0,0,1,7,86,8,0,1,2,2,44,479.0
456,4,56,3,16,3,5,167,1,3,2,0,1,0,1,18,66,11,0,1,2,3,21,2046.0
457,13,429,4,8,1,6,26,3,5,5,1,0,0,1,13,34,4,0,3,2,2,54,989.0
458,13,429,4,8,3,6,25,3,5,5,1,0,0,1,16,65,7,0,3,2,2,60,1799.0
459,7,41,3,16,3,5,120,3,2,1,0,0,0,1,11,36,7,0,3,2,2,49,639.9
460,0,71,3,14,1,5,104,1,3,2,0,0,0,1,11,36,11,0,1,2,3,14,544.0
461,0,495,2,2,1,5,40,3,0,0,0,0,0,1,7,21,4,0,3,2,2,43,435.0
462,2,357,3,14,3,5,115,1,3,2,0,0,0,1,16,46,11,0,1,2,2,55,749.0
463,10,219,3,10,3,4,49,1,3,2,0,1,0,1,18,62,10,0,3,2,0,102,799.0
464,10,480,3,14,3,5,129,1,3,2,0,0,0,1,20,68,7,0,3,2,3,69,2090.0
465,2,561,3,14,1,5,84,3,0,0,0,0,0,1,2,87,8,0,1,2,2,45,304.0
466,0,59,3,14,1,5,102,3,0,0,0,0,0,1,11,36,8,0,1,2,3,27,469.0
467,4,247,3,14,3,5,85,1,3,2,0,0,0,1,7,53,12,0,1,2,0,78,759.0
468,7,318,1,16,4,5,158,1,3,2,0,1,0,1,19,66,11,0,1,2,3,21,1699.0
469,10,485,4,10,4,5,40,2,8,4,0,1,0,1,17,57,7,0,3,2,2,49,1858.0
470,7,421,0,7,3,5,30,0,12,9,1,1,0,1,8,70,10,0,3,2,2,109,1999.0
471,7,594,3,14,3,5,76,1,3,2,0,0,0,1,16,46,8,0,1,2,0,1,1154.0
472,6,331,4,4,3,1,10,3,7,6,1,0,0,1,3,52,4,0,3,2,2,54,1275.0
473,4,284,4,7,3,5,42,1,3,2,1,0,0,1,7,53,7,0,3,2,2,109,1841.85
474,2,601,3,14,4,5,89,0,12,9,0,1,0,1,17,58,4,4,3,0,2,50,1299.0
475,4,287,3,10,3,5,67,3,0,0,0,0,0,1,14,37,4,0,3,2,2,49,740.0
476,4,354,5,14,3,5,66,1,3,2,0,0,0,1,19,66,7,0,3,2,3,66,2408.0
477,10,486,3,10,3,5,61,1,3,2,0,0,0,1,16,46,5,0,3,2,2,55,1364.0
478,4,240,3,14,3,5,102,1,3,2,0,0,0,1,7,53,11,0,1,2,0,77,675.0
479,16,334,3,7,3,5,7,1,3,2,0,1,0,1,16,46,7,0,3,2,2,55,1672.0
480,4,257,3,14,3,5,97,1,3,2,0,1,0,1,8,70,10,0,3,2,3,14,1262.0
481,4,547,3,14,1,5,99,3,0,0,0,0,0,1,15,38,11,0,1,2,2,55,586.6
482,7,361,3,7,1,5,48,1,3,2,0,1,0,1,7,53,4,0,3,2,2,109,726.0
483,3,271,3,14,1,5,75,1,3,2,0,0,0,1,5,16,3,0,0,2,2,42,248.9
484,10,456,3,14,1,5,109,3,0,0,0,0,0,1,11,36,4,0,3,2,2,49,565.0
485,10,455,3,10,3,5,64,1,3,2,0,1,0,1,7,53,7,0,3,2,2,109,1049.0
486,4,350,5,14,5,5,98,1,3,2,0,1,0,1,18,60,10,0,3,2,3,73,2338.0
487,4,577,3,14,5,5,89,1,3,2,0,0,0,1,19,66,10,0,3,2,3,17,1899.0
488,10,493,4,5,5,5,36,1,3,2,0,1,0,1,18,62,10,0,3,2,2,55,1798.0
489,2,614,4,5,5,5,2,1,3,2,0,0,0,1,18,62,10,0,3,2,2,55,1950.0
490,10,477,3,14,3,5,109,1,3,2,0,1,0,1,16,46,7,0,3,2,3,14,1011.99
491,16,336,4,7,7,5,7,1,3,2,1,0,0,1,18,62,10,0,3,2,2,55,2799.0
492,2,539,1,14,3,5,83,1,3,2,0,0,0,1,19,66,4,4,3,0,3,17,1350.0
493,0,59,3,14,3,5,102,3,0,0,0,0,0,0,16,1,11,0,1,2,0,105,579.0
494,2,389,1,16,6,5,164,1,3,2,1,1,0,1,17,58,7,4,3,0,3,32,1269.0
495,10,492,4,5,3,5,31,3,0,0,0,1,0,1,14,41,5,0,3,2,2,49,1099.0
496,10,234,3,14,3,5,98,1,3,2,0,0,0,1,8,70,7,0,3,2,2,109,898.9
497,7,111,3,10,3,5,47,1,3,2,0,0,0,1,19,64,11,0,3,2,2,55,1749.0
498,10,453,3,7,3,5,40,1,3,2,0,1,0,1,15,38,7,0,3,2,2,55,949.0
499,10,460,3,14,3,5,109,1,3,2,0,1,0,1,16,46,7,0,3,2,2,55,911.0
500,2,534,2,2,1,6,20,3,0,0,0,0,0,1,2,22,3,0,0,2,2,45,340.0
501,7,5,3,14,3,5,77,3,0,0,0,0,0,1,16,46,7,0,3,2,0,77,618.99
502,10,591,0,9,3,5,40,1,3,2,1,1,0,1,7,53,7,0,3,2,2,109,1599.0
503,10,205,3,10,1,5,93,3,0,0,0,0,0,1,2,22,8,0,1,2,2,45,299.0
504,10,100,2,2,1,1,25,3,0,0,0,0,0,1,7,21,1,0,3,2,2,43,265.0
505,10,453,3,7,3,5,44,1,3,2,0,0,0,1,16,46,7,0,3,2,2,55,949.0
506,2,609,3,14,3,5,84,1,3,2,0,0,0,1,18,62,7,4,3,0,2,55,1224.0
507,0,66,3,14,1,5,102,1,3,2,0,1,0,1,7,53,11,0,1,2,3,40,613.0
508,7,120,4,7,3,5,34,1,3,2,0,1,0,1,18,62,10,0,3,2,2,55,1323.0
509,10,291,1,14,3,4,117,1,3,2,0,1,0,1,19,66,7,4,3,0,3,21,1149.0
510,4,576,4,7,3,5,30,1,3,2,1,1,0,1,16,46,4,0,3,2,2,55,899.0
511,0,63,3,14,1,5,102,1,3,2,0,0,0,1,18,62,8,0,1,2,3,14,639.0
512,4,551,3,14,3,5,99,1,3,2,0,0,0,1,16,46,11,0,1,2,2,55,836.0
513,4,247,3,14,5,5,102,1,3,2,0,0,0,1,8,70,7,5,3,0,0,78,1219.24
514,18,303,3,14,5,4,80,1,3,2,0,1,0,1,8,70,7,0,3,2,3,40,1399.95
515,2,533,2,2,0,5,10,3,0,0,0,0,0,1,2,22,2,0,0,2,2,45,245.0
516,7,28,3,14,1,5,87,3,0,0,1,0,0,1,7,53,11,0,1,2,2,109,521.47
517,2,386,1,14,6,5,105,1,3,2,0,0,0,1,19,66,10,0,3,2,3,38,2968.0
518,7,370,3,14,3,5,87,1,3,2,0,0,0,1,16,46,7,0,3,2,3,11,889.0
519,2,143,1,16,5,5,143,1,3,2,0,0,0,1,19,66,7,4,3,0,3,36,1504.0
520,10,292,1,14,3,5,145,1,3,2,0,1,0,1,19,66,7,4,3,0,3,21,1399.0
521,7,420,4,7,3,5,33,1,3,2,0,1,0,1,18,62,7,0,3,2,2,55,1399.0
522,4,279,3,10,3,5,58,1,3,2,0,0,0,1,17,48,7,0,3,2,2,55,1279.73
523,7,362,3,14,1,5,57,3,0,0,0,0,0,1,11,36,4,0,3,2,2,49,689.0
524,4,252,3,16,3,2,138,1,3,2,0,1,0,1,7,53,4,4,3,0,0,78,889.0
525,10,459,3,10,3,7,85,1,3,2,0,0,0,1,14,41,7,0,3,2,2,49,1340.0
526,10,209,3,14,1,5,102,1,3,2,0,0,0,1,18,62,11,0,1,2,3,8,799.0
527,10,211,3,14,3,4,102,3,0,0,0,0,0,1,11,36,12,0,1,2,3,9,459.0
528,4,239,3,14,1,5,109,1,3,2,0,0,0,1,16,46,8,0,1,2,0,95,585.0
529,4,281,3,14,3,5,76,1,3,2,0,0,0,1,19,49,7,0,3,2,2,55,1377.0
530,4,56,1,16,5,5,167,1,3,2,0,1,0,1,19,66,4,4,3,0,3,22,3012.77
531,16,411,3,14,3,5,84,1,3,2,0,1,0,1,16,46,8,0,1,2,2,55,860.0
532,2,617,3,14,3,5,84,0,12,9,0,1,0,1,18,62,7,4,3,0,3,31,1299.0
533,12,415,3,7,1,5,20,1,3,2,0,1,0,1,2,24,2,0,3,2,2,45,369.0
534,2,385,1,14,3,5,109,1,3,2,0,1,0,1,16,47,4,4,3,0,3,21,1649.0
535,4,281,3,14,3,5,78,1,3,2,0,0,0,1,19,64,7,0,3,2,3,11,1369.0
536,4,247,3,14,3,5,102,1,3,2,0,0,0,1,7,53,7,0,3,2,0,78,797.41
537,7,50,3,14,1,5,72,1,3,2,0,0,0,1,7,86,7,0,3,2,2,44,398.99
538,7,313,1,16,4,5,126,1,3,2,0,0,0,1,19,66,11,0,1,2,3,21,1799.0
539,10,476,3,10,3,5,73,1,3,2,0,1,0,1,18,62,7,0,3,2,3,14,859.0
540,4,576,4,7,3,5,20,2,11,7,1,0,0,1,8,70,7,0,3,2,2,109,1399.0
541,4,549,3,10,1,5,55,1,3,2,0,0,0,1,11,36,4,0,3,2,2,49,735.87
542,7,121,4,7,3,5,34,2,11,7,0,1,0,1,18,62,7,0,3,2,2,55,1145.0
543,0,60,1,14,3,2,117,1,3,2,0,0,0,1,16,47,11,0,1,2,3,17,798.0
544,2,542,3,14,1,5,84,3,0,0,0,0,0,0,8,74,8,0,1,2,0,84,349.0
545,7,363,3,14,1,5,93,1,3,2,0,0,0,1,15,38,4,0,3,2,2,55,705.5
546,10,454,3,10,1,5,73,1,3,2,0,0,0,1,16,46,8,0,1,2,2,55,785.0
547,10,523,3,14,1,4,96,1,3,2,0,0,0,1,14,41,11,0,1,2,2,49,462.35
548,7,50,3,14,1,5,72,1,3,2,0,0,0,1,11,36,8,0,1,2,2,49,397.0
549,10,471,3,14,3,5,83,1,3,2,0,1,0,1,18,62,10,0,3,2,2,55,1729.0
550,10,211,3,14,1,5,102,1,3,2,0,0,0,1,11,36,4,0,3,2,2,49,499.0
551,4,281,3,14,3,5,76,1,3,2,0,0,0,1,16,46,7,0,3,2,2,55,1116.99
552,4,56,1,16,5,5,167,1,3,2,0,1,0,1,19,66,7,4,3,0,3,22,2699.0
553,7,42,3,16,3,5,128,3,2,1,0,0,0,1,11,36,11,0,1,2,2,49,544.15
554,7,364,3,16,3,5,127,1,3,2,0,0,0,1,18,62,11,0,1,2,3,11,1280.0
555,2,53,3,14,1,2,84,3,0,0,0,0,0,1,2,22,8,0,1,2,2,45,224.0
556,12,412,3,7,1,5,35,1,3,2,0,1,0,1,5,16,2,0,0,2,2,42,255.0
557,10,212,3,16,2,5,138,3,2,1,0,0,0,1,18,62,4,4,3,0,3,14,949.0
558,7,32,3,14,2,5,77,1,3,2,0,1,0,0,16,2,4,0,3,2,0,78,568.9
559,4,547,3,14,1,5,99,3,0,0,0,0,0,1,11,36,11,0,1,2,0,93,617.9
560,0,424,0,2,1,5,25,1,3,2,1,1,0,1,11,22,2,0,0,2,2,45,349.0
561,10,527,3,14,1,5,88,1,3,2,0,0,0,1,18,39,4,0,3,2,2,55,630.0
562,7,108,4,7,5,5,16,2,11,7,1,1,0,1,3,29,10,0,3,2,2,48,1965.0
563,10,482,3,16,3,5,151,1,3,2,0,1,0,1,19,66,7,0,3,2,3,74,2999.0
564,2,136,3,14,3,5,120,1,3,2,0,0,0,1,16,47,4,4,3,0,3,17,839.0
565,4,576,4,7,3,5,21,0,12,9,1,1,0,1,7,53,4,0,3,2,2,109,1599.0
566,4,281,3,14,1,5,78,3,0,0,0,0,0,1,17,48,8,0,1,2,2,55,959.0
567,5,297,3,14,3,5,102,3,0,0,0,0,0,1,16,46,11,0,1,2,2,55,739.0
568,10,208,3,14,1,5,102,1,3,2,0,0,0,1,2,87,8,0,1,2,2,46,344.0
569,10,459,3,10,1,5,85,3,0,0,0,0,0,1,16,46,8,0,1,2,2,55,990.0
570,7,595,5,16,3,5,144,3,2,1,0,0,0,1,19,49,8,0,1,2,3,66,1860.99
571,7,1,3,10,3,5,79,3,0,0,0,0,0,1,7,86,12,0,1,2,2,44,389.0
572,7,36,3,14,2,5,80,1,3,2,0,1,0,0,21,12,7,0,3,2,0,78,649.0
573,10,477,3,14,3,5,109,1,3,2,0,0,0,1,16,46,7,0,3,2,2,55,830.0
574,10,529,3,14,1,5,88,1,3,2,0,0,0,1,7,53,8,0,1,2,2,55,685.0
575,12,414,3,10,1,5,40,1,3,2,0,0,0,1,5,16,2,0,3,2,2,42,249.0
576,16,444,4,10,5,5,24,1,3,2,1,0,0,1,18,62,10,0,3,2,2,55,1865.0
577,10,227,1,16,7,5,169,1,3,2,0,1,0,1,18,59,7,4,3,0,3,22,2663.0
578,11,188,1,16,5,5,161,1,3,2,0,0,0,1,20,67,10,4,3,0,3,22,2729.0
579,4,239,3,14,3,2,102,1,3,2,0,0,0,1,18,62,7,0,3,2,0,95,749.01
580,12,415,3,10,1,5,45,1,3,2,0,1,0,1,2,24,2,0,3,2,2,45,389.0
581,4,281,3,14,3,5,76,3,0,0,0,0,0,1,17,48,8,0,1,2,2,55,1008.52
582,7,361,3,7,1,5,48,1,3,2,0,0,0,1,15,38,4,0,3,2,2,55,719.0
583,4,281,3,14,5,5,78,1,3,2,0,0,0,1,19,64,7,0,3,2,3,11,1537.39
584,4,89,2,2,1,1,27,3,0,0,0,0,0,1,7,21,1,0,0,2,2,43,295.0
585,11,189,1,16,5,5,168,1,3,2,0,0,0,1,18,59,4,4,3,0,3,35,2349.0
586,7,315,1,16,5,5,158,1,3,2,0,1,0,1,19,66,7,4,3,0,3,17,1498.0
587,10,485,4,10,4,5,40,1,3,2,0,1,0,1,17,57,7,0,3,2,2,49,1673.0
588,10,231,3,14,4,5,102,3,0,0,1,0,0,1,8,70,11,0,1,2,2,55,609.0
589,2,385,1,16,3,5,134,1,3,2,0,1,0,1,16,47,4,4,3,0,3,21,1770.0
590,2,434,0,14,3,5,102,3,0,0,1,0,0,1,16,46,11,0,1,2,2,49,739.0
591,10,206,3,14,4,5,102,1,3,2,0,0,0,0,24,4,10,0,3,2,0,78,949.0
592,4,237,0,2,1,5,39,3,0,0,1,0,0,1,1,30,4,0,3,2,2,54,603.0
593,15,310,3,14,5,5,120,1,3,2,0,0,0,1,19,66,4,4,3,0,3,17,1699.0
594,10,526,3,16,1,4,138,1,3,2,0,0,0,1,11,36,8,0,1,2,2,49,529.0
595,10,198,3,14,3,5,108,3,0,0,0,0,0,1,14,37,11,0,1,2,2,49,459.0
596,10,474,0,7,3,5,37,1,3,2,1,1,0,1,18,62,10,0,3,2,2,55,2025.0
597,10,487,3,10,3,5,61,1,3,2,0,1,0,1,16,47,7,0,3,2,2,57,1474.0
598,4,278,0,5,3,5,34,1,3,2,1,0,0,1,16,46,7,0,3,2,2,55,1670.0
599,4,350,5,14,3,5,89,1,3,2,1,0,0,1,19,66,7,0,3,2,3,73,1763.0
600,7,112,3,14,3,5,70,1,3,2,0,0,0,1,18,62,7,0,3,2,2,55,1219.0
601,7,363,3,14,1,5,93,3,0,0,0,0,0,1,15,38,8,0,1,2,2,55,668.48
602,0,57,3,10,1,5,55,1,3,2,0,0,0,1,2,24,2,0,0,2,2,45,329.0
603,11,272,1,16,5,5,161,1,3,2,0,0,0,1,18,59,4,4,3,0,3,33,2199.0
604,4,547,3,14,1,2,99,3,0,0,0,0,0,1,11,36,11,0,1,2,0,93,465.0
605,11,177,1,14,5,5,68,0,12,9,0,0,0,1,19,66,7,5,3,0,3,21,2299.0
606,16,451,3,14,3,5,102,1,3,2,0,1,0,1,16,55,7,0,3,2,2,49,1399.0
607,10,203,3,14,2,5,117,1,3,2,0,0,0,1,16,46,11,0,1,2,2,55,564.0
608,10,586,0,14,3,5,84,1,3,2,1,1,0,1,19,66,7,0,3,2,2,57,1299.0
609,0,432,3,10,1,5,55,3,0,0,0,0,0,1,7,86,4,0,0,2,2,44,349.0
610,10,480,3,14,7,5,120,0,12,9,0,1,0,1,22,92,11,0,3,2,3,69,4899.0
611,4,254,1,14,5,5,123,1,3,2,0,0,0,1,17,58,11,0,1,2,3,30,879.01
612,4,547,3,14,1,2,99,3,0,0,0,0,0,1,11,36,11,0,1,2,2,49,443.9
613,4,239,3,14,1,2,106,3,0,0,0,0,0,1,11,36,11,0,1,2,2,49,359.0
614,4,281,3,14,1,2,78,3,0,0,0,0,0,1,17,48,8,0,1,2,2,55,869.0
615,2,138,1,16,3,5,143,1,3,2,0,0,0,1,19,66,4,4,3,0,3,17,1168.0
616,4,547,3,14,1,2,99,1,3,2,0,0,0,1,16,46,4,0,3,2,0,93,569.0
617,7,112,4,14,3,5,70,1,3,2,0,0,0,1,18,62,10,0,3,2,2,55,1389.0
618,11,184,1,14,5,5,141,1,3,2,0,0,0,1,19,66,7,4,3,0,3,22,2267.86
619,0,88,0,2,1,1,25,3,0,0,1,1,0,1,7,23,2,0,0,2,2,43,379.0
620,7,366,3,10,3,5,110,3,0,0,0,0,0,1,17,48,7,0,3,2,2,55,1124.0
621,10,467,3,10,3,7,59,1,3,2,0,0,0,1,14,41,7,0,3,2,2,49,1465.0
622,4,247,3,14,1,5,102,1,3,2,0,0,0,1,7,53,11,0,1,2,0,78,776.0
623,5,296,3,14,3,5,102,3,0,0,0,0,0,1,16,46,7,0,3,2,2,55,799.0
624,7,112,3,14,1,7,74,3,0,0,0,0,0,1,14,41,8,0,1,2,2,49,932.0
625,10,209,3,14,3,5,102,1,3,2,0,0,0,1,18,62,11,0,1,2,3,8,899.0
626,12,413,3,10,0,5,40,1,3,2,0,0,0,1,5,16,2,0,0,2,2,42,239.0
627,10,210,3,14,1,4,102,1,3,2,0,0,0,1,16,46,4,0,3,2,2,55,468.0
628,2,374,0,7,2,5,49,1,3,2,1,0,0,1,16,46,11,0,1,2,2,55,639.01
629,4,577,3,14,3,5,84,1,3,2,0,0,0,1,19,66,7,0,3,2,3,17,1820.0
630,2,599,4,10,5,5,10,1,3,2,0,0,0,1,18,62,10,0,3,2,2,55,1900.0
631,4,256,1,14,5,5,126,1,3,2,0,0,0,1,19,66,7,4,3,0,3,18,1479.0
632,10,528,3,14,1,5,68,1,3,2,0,0,0,1,7,53,7,0,3,2,2,109,829.0
633,10,232,3,14,1,5,102,1,3,2,0,0,0,1,11,36,11,0,1,2,3,9,579.0
634,2,560,3,14,3,5,84,3,0,0,0,0,0,1,2,22,11,0,1,2,2,45,399.0
635,2,539,3,14,3,5,83,1,3,2,0,0,0,1,16,47,11,0,1,2,3,17,906.62
636,4,576,4,7,3,5,23,2,11,7,1,0,0,1,7,53,7,0,3,2,2,109,1869.0
637,10,196,3,10,0,5,42,3,0,0,0,0,0,1,7,21,2,0,0,2,2,43,249.0
638,10,494,0,7,3,5,37,1,3,2,1,1,0,1,18,62,7,0,3,2,2,55,1757.42
639,4,577,3,14,5,5,89,0,12,9,1,0,0,1,19,66,11,0,3,2,3,17,2399.0
640,10,291,1,14,3,5,120,1,3,2,0,1,0,1,19,66,4,4,3,0,3,19,1109.0
641,7,39,3,15,3,5,125,3,2,1,0,0,0,0,21,11,11,0,1,2,0,88,520.9
642,10,472,4,10,5,5,14,1,3,2,0,1,0,1,18,62,10,0,3,2,2,55,2450.0
643,2,383,1,14,3,4,120,1,3,2,0,1,0,1,19,66,11,0,1,2,3,18,1169.0
644,0,127,3,14,1,5,117,3,0,0,0,0,0,1,11,36,8,0,1,2,2,49,450.0
645,10,196,3,10,1,5,43,3,0,0,0,0,0,1,7,21,2,0,0,2,2,42,274.0
646,0,430,4,10,3,5,68,1,3,2,0,1,0,1,16,46,7,0,3,2,2,41,919.0
647,14,85,1,10,5,5,80,1,3,2,0,0,0,1,19,66,7,0,3,2,3,21,2599.0
648,16,340,3,7,3,5,20,1,3,2,0,0,0,1,14,41,7,0,3,2,2,49,1213.0
649,10,493,4,5,3,5,36,1,3,2,0,1,0,1,18,62,7,0,3,2,2,55,1584.0
650,2,379,1,16,7,5,159,1,3,2,0,1,0,1,18,59,10,0,3,2,3,24,2799.0
651,0,54,1,14,3,2,117,1,3,2,0,0,0,1,16,47,11,0,1,2,3,17,709.0
652,4,576,4,7,3,5,20,1,3,2,0,0,0,1,7,53,7,0,3,2,2,109,1449.9
653,11,162,1,14,3,5,102,1,3,2,0,0,0,1,19,66,4,4,3,0,3,18,1191.8
654,7,50,3,14,1,4,72,3,0,0,0,0,0,1,11,36,8,0,1,2,2,49,364.9
655,16,442,3,14,3,5,84,1,3,2,0,1,0,1,16,46,8,0,1,2,2,55,1064.0
656,4,247,3,14,3,5,102,1,3,2,0,0,0,1,8,70,7,0,3,2,0,78,919.0
657,4,247,3,14,5,5,102,1,3,2,0,0,0,1,8,70,7,5,3,0,0,78,1135.0
658,10,225,1,14,3,5,149,1,3,2,0,1,0,1,17,58,4,4,3,0,3,29,1196.0
659,4,56,1,16,7,5,167,0,12,9,0,1,0,1,19,66,10,4,3,0,3,22,3147.37
660,4,290,3,10,3,5,52,1,3,2,0,0,0,1,15,44,7,0,3,2,2,49,1229.0
661,10,229,3,14,1,5,102,3,0,0,0,0,0,1,2,22,8,0,1,2,2,45,419.0
662,10,211,3,14,1,5,102,1,3,2,0,0,0,1,14,41,8,0,1,2,2,49,535.0
663,7,14,3,14,2,5,87,3,3,2,0,0,0,1,11,36,11,0,1,2,0,95,539.0
664,11,172,1,16,3,5,131,1,3,2,0,0,0,1,19,66,4,4,3,0,3,21,1486.77
665,16,411,3,14,1,5,93,3,0,0,0,0,0,1,12,37,4,0,3,2,2,49,498.0
666,4,277,3,14,3,5,89,1,3,2,0,0,0,1,16,46,11,0,1,2,2,55,955.0
667,7,19,3,14,3,5,93,1,3,2,0,0,0,1,18,62,11,0,1,2,0,78,745.0
668,16,452,3,14,3,5,84,1,3,2,0,1,0,1,16,46,7,0,3,2,2,55,1258.0
669,0,58,3,14,1,2,93,3,0,0,0,0,0,1,11,36,4,0,3,2,2,49,412.0
670,13,429,4,8,3,6,26,3,5,5,1,0,0,1,19,64,7,0,3,2,2,60,1867.85
671,10,525,3,14,3,5,76,1,3,2,0,0,0,1,16,46,4,4,3,0,0,95,817.95
672,10,585,0,7,3,5,31,1,3,2,1,1,0,1,16,46,7,0,3,2,2,55,1034.0
673,10,207,3,14,1,5,102,3,0,0,0,0,0,0,13,78,4,0,3,2,0,84,349.0
674,7,329,0,10,1,5,57,1,3,2,1,1,0,1,15,38,4,0,3,2,3,14,699.0
675,11,165,1,14,5,5,117,1,3,2,0,0,0,1,19,66,7,4,3,0,3,17,1294.0
676,2,611,4,10,3,5,10,1,3,2,0,0,0,1,16,46,7,0,3,2,2,55,1135.0
677,7,102,0,2,3,1,40,3,0,0,1,0,0,1,2,22,3,0,0,2,2,45,495.0
678,9,195,4,14,3,5,9,1,3,2,0,1,0,1,8,70,10,0,3,2,2,55,2299.0
679,0,80,1,14,5,5,120,1,3,2,0,0,0,1,16,47,7,0,3,2,3,18,1299.0
680,11,192,1,14,3,5,102,1,3,2,0,0,0,1,16,47,7,0,3,2,3,17,997.9
681,2,268,3,14,1,5,72,3,0,0,0,0,0,1,2,22,4,0,3,2,2,45,419.0
682,4,55,1,14,5,5,146,1,3,2,0,0,0,1,16,47,4,4,3,0,3,21,2051.0
683,7,46,3,16,1,5,120,1,3,2,0,1,0,1,11,36,7,0,3,2,0,90,699.0
684,10,587,0,7,3,5,19,1,3,2,1,1,0,1,8,70,10,0,3,2,2,109,1499.0
685,4,55,1,14,5,5,153,1,3,2,0,0,0,1,20,67,7,4,3,0,3,22,2813.75
686,7,50,3,14,1,5,72,3,0,0,0,0,0,1,16,46,8,0,1,2,0,77,612.61
687,4,239,3,14,1,5,102,3,0,0,0,0,0,1,11,36,11,0,1,2,0,95,545.67
688,7,43,3,16,2,5,128,1,3,2,0,1,0,0,15,0,12,0,1,2,0,100,569.0
689,10,506,3,14,1,5,93,3,0,0,0,0,0,1,7,19,8,0,1,2,2,47,318.0
690,0,91,3,10,1,1,45,3,0,0,0,0,0,1,7,19,2,0,0,2,2,47,375.0
691,10,221,3,10,1,5,61,1,3,2,0,0,0,1,16,46,7,0,3,2,2,55,699.0
692,7,595,5,16,3,5,144,1,3,2,0,0,0,1,19,66,8,0,1,2,3,66,1907.99
693,10,472,0,10,3,5,42,3,8,4,1,0,0,1,18,62,7,0,3,2,2,55,2590.0
694,16,411,3,7,3,5,49,1,3,2,0,1,0,1,16,46,7,0,3,2,2,55,973.0
695,0,496,2,2,1,5,40,3,0,0,0,0,0,1,7,20,2,0,0,2,2,42,269.0
696,10,590,0,10,5,5,38,1,3,2,1,0,0,1,18,62,10,0,3,2,2,55,1749.0
697,2,99,0,5,1,1,20,1,3,2,1,0,0,1,0,31,3,0,0,2,2,48,669.0
698,16,346,4,7,5,5,36,1,3,2,1,0,0,1,16,55,10,0,3,2,2,49,1877.0
699,7,18,3,14,1,5,93,1,3,2,0,1,0,1,18,62,8,0,1,2,0,78,689.0
700,4,248,1,14,3,5,122,1,3,2,0,0,0,1,16,47,11,0,1,2,3,17,819.0
701,10,207,3,14,1,5,102,1,3,2,0,0,0,0,20,11,7,0,3,2,0,78,399.0
702,10,206,3,14,3,5,102,3,0,0,0,0,0,0,24,4,11,0,1,2,0,96,429.0
703,10,516,3,14,1,5,93,1,3,2,0,0,0,1,16,46,11,4,1,0,2,55,621.45
704,10,522,3,14,1,4,76,3,0,0,0,0,0,1,11,36,8,0,1,2,2,49,450.0
705,4,551,3,14,3,5,99,1,3,2,0,0,0,1,16,46,7,0,3,2,2,55,795.0
706,0,423,0,7,3,5,55,1,3,2,1,1,0,1,7,53,7,0,3,2,2,109,999.0
707,10,463,5,14,5,7,99,1,3,2,0,0,0,1,16,55,10,0,3,2,3,72,1855.0
708,10,484,3,10,3,5,68,1,3,2,0,0,0,1,14,43,7,0,3,2,2,49,1191.0
709,7,45,3,16,2,5,132,1,3,2,0,1,0,0,16,1,12,0,1,2,0,78,655.01
710,10,291,1,14,3,5,120,1,3,2,0,1,0,1,19,66,4,4,3,0,3,18,1249.0
711,4,279,3,10,3,2,58,1,3,2,0,0,0,1,19,49,7,0,3,2,3,11,1089.0
712,4,551,3,14,3,2,82,1,3,2,0,0,0,1,16,46,11,0,1,2,2,55,726.0
713,2,535,3,10,1,5,49,1,3,2,0,0,0,1,2,22,2,0,0,2,2,45,298.0
714,4,281,3,14,5,5,78,1,3,2,0,0,0,1,17,48,10,0,3,2,2,55,1426.66
715,10,476,3,10,3,5,73,1,3,2,0,1,0,1,16,46,7,0,3,2,3,8,857.07
716,4,281,3,14,3,5,76,1,3,2,0,0,0,1,17,48,7,0,3,2,2,55,1179.0
717,10,0,3,14,1,5,100,3,0,0,0,0,0,0,11,6,8,0,1,2,0,86,298.0
718,12,416,3,10,1,5,40,1,3,3,0,1,0,1,10,14,2,0,1,2,2,43,265.0
719,7,364,3,16,3,5,127,1,3,2,0,0,0,1,18,62,7,0,3,2,3,11,1200.0
720,10,472,4,10,3,5,17,2,8,4,0,1,0,1,16,55,10,0,3,2,2,49,1686.64
721,7,329,0,7,3,5,53,3,0,0,1,1,0,1,16,46,7,0,3,2,2,55,836.6
722,10,469,4,10,3,5,33,1,3,2,0,1,0,1,16,46,7,0,3,2,2,55,1499.0
723,4,56,1,16,7,5,165,0,12,9,0,0,0,1,19,66,11,4,3,0,3,22,3659.4
724,11,164,1,16,3,5,131,1,3,2,0,0,0,1,19,66,4,4,3,0,3,18,1348.48
725,10,517,3,14,1,4,76,3,0,0,0,0,0,1,16,46,11,0,1,2,2,55,489.9
726,4,247,3,14,3,5,102,1,3,2,0,0,0,1,7,53,4,4,3,0,0,78,719.0
727,4,243,0,7,1,5,62,1,3,2,1,0,0,1,15,38,11,0,1,2,2,55,649.0
728,4,245,3,14,3,2,111,3,0,0,0,0,0,1,16,46,11,0,1,2,0,101,589.52
729,7,11,3,14,1,5,93,1,3,2,0,0,0,0,21,11,11,0,1,2,0,77,489.0
730,0,355,1,16,5,5,162,1,3,2,0,1,0,1,17,58,4,4,3,0,3,21,1935.0
731,4,239,3,14,4,5,106,3,0,0,0,0,0,1,16,46,11,0,1,2,2,55,649.0
732,7,12,3,14,2,5,93,1,3,2,0,0,0,0,21,12,4,4,3,0,0,77,650.0
733,0,128,3,14,1,5,117,3,0,0,0,0,0,1,16,46,8,0,1,2,2,55,559.0
734,10,453,3,7,3,5,44,1,3,2,0,1,0,1,16,46,7,0,3,2,2,55,960.0
735,10,519,3,14,1,5,71,1,3,2,0,0,0,1,18,62,11,0,1,2,2,55,779.0
736,7,593,5,14,5,5,125,1,3,2,0,0,0,1,19,66,7,0,3,2,3,68,2419.0
737,4,244,0,7,3,5,51,1,3,2,1,0,0,1,7,53,11,0,1,2,2,109,659.0
738,11,177,1,14,5,5,68,1,3,2,0,0,0,1,19,66,7,4,3,0,3,21,2094.48
739,0,76,3,14,1,5,117,3,0,0,0,0,0,1,11,36,8,0,1,2,2,49,410.8
740,4,255,3,14,3,5,84,1,3,2,0,0,0,1,18,62,4,4,3,0,3,14,1207.0
741,4,547,3,14,3,5,84,3,0,0,0,0,0,1,11,36,7,0,3,2,2,49,665.0
742,16,443,3,10,3,5,25,1,3,2,1,1,0,1,16,46,7,0,3,2,2,55,1535.0
743,10,144,0,10,3,5,61,1,3,2,1,0,0,1,16,46,7,0,3,2,2,55,999.0
744,10,481,5,14,5,5,120,0,12,9,0,1,0,1,19,64,11,0,3,2,3,72,3299.0
745,0,91,3,10,0,1,60,3,0,0,0,0,0,1,7,21,2,0,0,2,2,43,330.0
746,15,309,4,7,5,5,1,1,3,2,0,0,0,1,18,62,7,0,3,2,2,55,1649.0
747,7,50,3,14,3,5,72,1,3,2,0,0,0,1,11,36,7,0,3,2,2,49,539.0
748,4,279,3,10,3,5,55,3,0,0,0,0,0,1,16,46,7,0,3,2,2,55,1126.71
749,7,598,5,16,5,7,143,1,3,2,0,1,0,1,20,91,7,0,3,2,3,67,4389.0
750,10,304,2,2,1,5,40,3,0,0,1,0,0,1,7,21,4,0,3,2,2,43,475.0
751,7,112,3,14,3,5,70,1,3,2,0,0,0,1,15,44,7,0,3,2,2,49,1900.0
752,2,566,3,14,1,4,119,3,0,0,0,0,0,1,14,43,11,0,1,2,3,28,579.0
753,10,483,4,10,1,5,61,1,3,2,0,0,0,1,14,41,5,0,3,2,2,49,1096.0
754,2,358,3,14,1,5,115,3,0,0,0,0,0,1,18,62,7,0,3,2,2,55,849.9
755,10,588,0,7,3,5,31,2,11,7,1,1,0,1,8,42,7,0,3,2,2,52,1199.0
756,7,35,3,14,3,5,102,1,3,2,0,1,0,1,16,47,4,4,3,0,3,17,1099.0
757,7,593,5,14,3,7,123,1,3,2,0,0,0,1,17,58,7,0,3,2,3,65,1561.0
758,4,56,1,14,5,5,167,0,12,9,0,1,0,1,19,66,7,4,3,0,3,22,2868.99
759,0,58,3,14,1,5,93,3,0,0,0,0,0,1,16,46,7,0,3,2,2,55,599.0
760,10,291,1,14,3,5,120,1,3,2,0,1,0,1,19,66,4,4,3,0,3,17,1048.0
761,4,283,4,5,5,5,18,1,3,2,0,0,0,1,19,64,7,0,3,2,2,55,1859.0
762,6,331,4,4,3,1,10,3,7,6,1,0,0,1,3,52,7,0,3,2,2,54,1559.0
763,2,613,4,7,3,5,20,2,11,7,0,1,0,1,16,46,7,0,3,2,2,55,1129.0
764,4,274,3,7,1,5,59,3,0,0,0,0,0,1,11,36,8,0,1,2,2,49,849.0
765,0,497,3,7,1,5,55,3,0,0,0,0,0,1,14,41,4,0,3,2,2,49,655.0
766,2,573,3,16,1,5,138,3,0,0,0,0,0,1,2,87,11,0,1,2,3,8,470.34
767,4,254,1,14,5,5,133,0,12,9,1,1,0,1,17,58,4,4,3,0,3,31,1099.0
768,15,309,4,7,3,5,32,1,3,2,1,0,0,1,18,62,7,0,3,2,2,55,1599.0
769,0,61,3,14,1,2,93,3,0,0,0,0,0,1,2,87,11,0,1,2,2,46,298.0
770,4,245,3,14,5,5,109,1,3,2,0,0,0,1,18,62,7,0,3,2,0,101,1181.27
771,15,309,0,12,5,5,62,1,3,2,1,0,0,1,18,62,7,0,3,2,0,79,1799.0
772,16,436,3,10,1,5,64,3,0,0,0,1,0,1,14,41,4,0,3,2,2,49,1020.0
773,4,256,1,14,3,5,126,1,3,2,0,0,0,1,19,66,11,0,1,2,3,17,1099.0
774,7,110,4,5,1,5,27,3,0,0,0,0,0,1,14,41,7,0,3,2,2,49,1244.0
775,2,375,0,14,4,5,109,1,3,2,1,0,0,1,18,62,12,0,1,2,3,14,839.0
776,10,479,3,14,5,7,120,0,12,9,0,0,0,1,18,60,10,0,3,2,3,67,2370.0
777,0,430,3,10,1,5,68,1,3,2,0,1,0,1,15,38,4,0,3,2,2,55,636.0
778,14,85,1,10,5,5,80,1,3,2,0,0,0,1,19,66,10,0,3,2,3,21,2899.0
779,2,544,3,14,3,5,84,3,3,2,0,0,0,1,2,84,4,0,3,2,2,46,581.9
780,4,56,1,16,7,5,167,1,3,2,0,1,0,1,19,66,11,4,3,0,3,23,3588.8
781,2,390,1,16,5,5,163,1,3,2,0,1,0,1,17,58,7,4,3,0,3,22,2350.0
782,16,449,4,10,5,5,46,1,3,2,0,1,0,1,17,57,10,0,3,2,3,10,1764.0
783,10,197,3,14,3,4,102,3,0,0,0,0,0,1,7,25,11,0,1,2,2,44,329.0
784,10,469,4,10,5,5,61,1,3,2,0,0,0,1,18,62,10,0,3,2,2,55,2299.0
785,11,174,1,10,5,5,55,1,3,2,0,1,0,1,19,66,7,4,3,0,3,21,1891.0
786,11,159,1,14,3,5,102,1,3,2,0,0,0,1,16,47,4,4,3,0,3,17,1089.0
787,10,291,1,14,1,5,117,1,3,2,0,1,0,1,19,66,11,0,1,2,3,17,999.0
788,0,356,1,16,5,5,162,1,3,2,0,1,0,1,19,66,7,4,3,0,3,21,2299.0
789,4,256,1,14,3,5,126,1,3,2,0,0,0,1,16,47,7,0,3,2,3,17,985.0
790,2,132,1,14,3,5,105,1,3,2,0,0,0,1,19,66,4,4,3,0,3,37,1339.0
791,17,263,3,10,1,5,22,3,3,2,0,0,0,1,2,22,2,0,0,2,2,45,202.9
792,10,474,0,7,3,5,37,1,3,2,1,1,0,1,18,62,10,0,3,2,2,55,1970.0
793,10,582,0,14,3,5,91,1,3,2,1,0,0,1,16,46,7,0,3,2,0,102,959.0
794,1,298,4,3,3,3,3,3,6,4,0,1,1,1,3,26,10,0,0,2,2,51,1165.0
795,10,472,0,10,3,5,42,3,8,4,1,1,0,1,16,46,7,0,3,2,2,55,2330.0
796,2,377,3,10,1,5,57,3,0,0,0,0,0,1,2,22,2,0,0,2,2,45,299.0
797,4,277,3,14,3,5,80,3,0,0,0,0,0,1,16,46,4,0,3,2,2,55,810.0
798,10,590,0,9,3,5,38,1,3,2,1,1,0,1,18,62,7,0,3,2,2,55,1349.0
799,4,551,3,14,3,5,84,1,3,2,0,0,0,1,11,36,7,0,3,2,0,94,739.0
800,7,595,5,14,3,5,144,1,3,2,0,0,0,1,19,66,7,0,3,2,3,68,2064.9
801,2,360,3,14,3,5,115,1,3,2,0,0,0,1,16,46,7,0,3,2,2,55,1099.0
802,4,576,4,7,3,5,30,1,3,2,0,0,0,1,16,46,7,0,3,2,2,55,1499.0
803,4,577,3,14,3,5,89,0,12,9,1,0,0,1,16,47,7,0,3,2,3,17,1749.0
804,4,273,2,2,1,5,57,3,0,0,0,0,0,1,2,87,4,0,3,2,2,46,744.0
805,7,110,2,5,3,5,27,3,0,0,0,0,0,1,17,48,7,0,3,2,2,55,1389.0
806,16,411,3,14,1,5,93,3,0,0,0,0,0,1,14,41,8,0,1,2,2,49,780.0
807,7,15,3,14,3,5,87,3,0,0,0,0,0,0,16,3,12,0,1,2,0,97,629.0
808,4,256,1,14,5,5,126,0,12,9,0,0,0,1,19,66,10,0,3,2,3,18,1679.0
809,10,203,3,14,1,5,117,1,3,2,0,0,0,1,16,46,11,0,1,2,3,7,609.0
810,7,319,1,16,4,5,157,1,3,2,0,1,0,1,19,66,11,0,1,2,0,108,1749.0
811,11,152,1,16,5,5,140,1,3,2,0,0,0,1,19,66,10,4,3,0,3,22,2415.0
812,15,309,4,7,3,5,1,1,3,2,0,0,0,1,16,46,7,0,3,2,2,55,1499.0
813,4,551,3,14,3,5,82,1,3,2,0,0,0,1,18,62,11,0,1,2,3,16,961.0
814,4,547,3,14,3,5,99,1,3,2,0,0,0,1,16,46,7,0,3,2,0,93,789.81
815,10,488,4,10,3,5,33,1,3,2,0,0,0,1,18,62,7,0,3,2,2,55,1859.0
816,14,86,4,5,5,5,30,0,12,9,1,1,0,1,16,62,10,0,3,2,2,55,1799.0
817,7,89,2,2,1,1,23,3,0,0,0,0,0,1,7,21,1,0,0,2,2,43,385.0
818,4,56,1,16,5,5,165,1,3,2,0,1,0,1,19,66,4,4,3,0,3,21,2505.02
819,4,275,3,10,1,5,65,3,0,0,0,0,0,1,14,41,8,0,1,2,2,49,755.0
820,10,510,3,14,1,5,93,3,0,0,0,0,0,1,11,36,8,0,1,2,2,49,489.9
821,16,445,4,10,1,5,25,3,0,0,0,0,0,1,16,46,4,0,3,2,2,55,1090.0
822,10,491,4,10,3,5,13,1,3,2,0,1,0,1,18,62,10,0,3,2,2,55,2499.0
823,11,160,1,14,3,5,117,1,3,2,0,0,0,1,16,47,7,0,3,2,3,17,1199.0
824,10,472,4,10,3,5,13,1,3,2,0,1,0,1,16,46,7,0,0,2,2,55,1875.0
825,16,411,3,10,1,5,64,3,0,0,0,0,0,1,12,82,4,0,3,2,2,47,499.0
826,2,600,0,7,3,5,10,1,3,2,1,0,0,1,16,46,7,0,3,2,2,55,1358.0
827,4,275,3,10,1,5,65,3,0,0,0,0,0,1,11,36,8,0,1,2,2,49,585.0
828,0,89,2,2,1,1,35,3,0,0,0,1,0,1,7,21,2,0,0,2,2,43,355.0
829,0,430,3,10,3,5,49,1,3,2,0,1,0,1,15,38,4,0,3,2,2,55,619.0
830,14,85,1,16,7,5,153,0,12,9,1,0,0,1,20,67,10,0,3,2,3,24,5499.0
831,10,491,4,10,5,5,10,2,8,4,0,1,0,1,17,57,10,0,3,2,2,49,2099.0
832,2,538,3,14,1,2,93,1,3,2,0,0,0,1,16,46,11,0,1,2,3,6,519.0
833,10,483,3,10,3,5,61,1,3,2,0,0,0,1,14,41,7,0,3,2,2,49,1186.0
834,10,469,3,10,3,5,33,1,3,2,0,1,0,1,17,48,7,0,3,2,2,55,1650.0
835,4,55,1,14,5,5,146,1,3,2,0,0,0,1,19,66,7,4,3,0,3,22,2774.63
836,2,401,1,16,5,5,140,1,3,2,0,0,0,1,19,66,7,4,3,0,3,22,2419.0
837,16,411,3,14,1,5,84,3,0,0,0,0,0,1,15,38,8,0,1,2,2,55,669.0
838,10,305,3,10,1,1,49,3,0,0,0,0,0,1,7,23,1,0,0,2,2,43,325.0
839,2,378,3,14,3,5,109,1,3,2,0,0,0,1,16,46,4,0,1,2,2,55,590.0
840,2,399,1,16,5,5,134,1,3,2,0,0,0,1,17,58,10,4,3,0,3,21,1799.0
841,4,56,1,16,7,5,167,1,3,2,0,1,0,1,19,66,10,4,3,0,3,22,3072.89
842,7,364,3,16,3,5,127,3,2,1,0,0,0,1,16,46,11,0,1,2,3,11,910.0
843,4,547,3,14,3,5,99,3,0,0,0,0,0,1,16,46,4,0,3,2,2,55,713.99
844,7,111,4,10,3,7,50,1,3,2,0,0,0,1,16,55,10,0,3,2,2,49,1870.0
845,4,547,3,14,1,5,99,1,3,2,0,0,0,1,18,62,7,0,3,2,0,93,739.0
846,7,102,0,2,1,1,40,3,0,0,1,0,0,1,2,22,2,0,0,2,2,45,615.0
847,2,605,4,7,3,5,45,1,3,2,0,1,0,1,14,41,10,0,3,2,3,13,1026.0
848,7,114,0,7,3,5,29,1,3,2,1,0,0,1,16,46,7,0,3,2,2,55,2277.0
849,7,111,4,10,3,5,50,1,3,2,0,0,0,1,16,55,10,0,3,2,2,49,1468.0
850,7,50,3,14,1,4,72,3,0,0,0,0,0,1,7,21,4,0,3,2,2,43,299.0
851,2,393,1,14,5,5,93,1,3,2,0,0,0,1,19,66,4,4,3,0,3,21,1899.0
852,4,251,3,16,3,2,139,1,3,2,0,0,0,1,18,62,11,0,1,2,0,101,865.0
853,10,468,4,10,3,5,81,1,3,2,0,1,0,1,19,66,7,0,3,2,3,16,1903.0
854,2,265,3,14,3,5,109,1,3,2,0,1,0,1,18,62,7,0,3,2,3,25,787.0
855,4,281,3,14,3,5,76,1,3,2,0,0,0,1,16,46,4,0,3,2,2,55,945.0
856,2,557,3,14,1,5,84,3,0,0,0,0,0,1,2,87,11,0,1,2,2,46,449.0
857,7,114,0,7,3,5,29,1,3,2,1,0,0,1,19,64,7,0,3,2,2,55,2559.0
858,4,241,3,7,3,5,56,1,3,2,1,0,0,1,14,41,11,0,1,2,2,49,649.0
859,10,198,3,14,1,4,102,1,3,2,0,0,0,1,11,36,11,0,1,2,2,49,469.0
860,10,456,3,14,3,5,109,1,3,2,0,1,0,1,16,46,11,0,1,2,2,55,850.66
861,7,112,3,14,3,5,70,1,3,2,0,0,0,1,17,48,7,0,3,2,0,103,1349.0
862,16,338,3,7,1,5,7,1,3,2,0,0,0,1,16,46,4,0,3,2,2,55,1285.0
863,10,291,1,14,3,4,120,1,3,2,0,1,0,1,16,47,11,0,1,2,3,17,1017.0
864,4,576,4,7,5,5,30,2,11,7,1,0,0,1,16,65,10,0,3,2,2,60,2240.0
865,7,370,3,14,1,5,90,1,3,2,0,0,0,1,14,41,8,0,1,2,2,49,910.0
866,16,348,4,7,3,5,20,3,0,0,0,0,0,1,14,41,7,0,3,2,2,49,1095.0
867,10,474,0,7,3,5,37,1,3,2,1,1,0,1,18,62,7,0,3,2,2,55,1950.0
868,0,433,3,10,3,5,52,1,3,2,0,1,0,1,16,46,7,0,3,2,2,55,902.0
869,4,350,5,14,3,5,104,1,3,2,0,0,0,1,19,66,11,0,1,2,3,73,1778.0
870,10,460,3,14,1,5,116,3,0,0,0,0,0,1,16,46,8,0,1,2,2,55,1055.0
871,10,198,3,14,1,4,102,1,3,2,0,0,0,1,11,36,11,0,1,2,0,95,479.0
872,16,441,3,14,3,5,84,1,3,2,0,1,0,1,18,62,7,0,3,2,2,55,1388.0
873,10,475,3,7,1,5,44,1,3,2,0,1,0,1,15,38,5,0,3,2,2,55,735.0
874,15,309,4,12,5,5,23,1,3,2,0,0,0,1,18,62,7,0,3,2,3,14,1849.0
875,4,283,4,5,3,5,55,1,3,2,0,0,0,1,19,64,7,0,3,2,2,55,1690.0
876,2,559,3,14,1,2,84,3,0,0,0,0,0,1,2,87,11,0,1,2,2,46,398.99
877,18,303,4,7,3,5,29,1,3,2,0,1,0,1,14,41,7,0,3,2,3,14,935.0
878,4,551,3,14,1,5,99,1,3,2,0,0,0,1,16,46,4,4,3,0,3,14,912.5
879,7,363,3,14,1,5,87,1,3,2,0,0,0,1,16,46,7,0,3,2,2,55,839.0
880,7,114,0,7,1,5,29,1,3,2,1,0,0,1,16,46,7,0,3,2,2,55,1700.0
881,7,330,0,14,1,5,109,3,0,0,1,0,0,1,16,46,8,0,1,2,2,55,684.8
882,2,537,3,11,1,5,59,3,0,0,0,0,0,1,2,22,2,0,0,2,2,45,348.0
883,10,218,3,14,3,5,102,1,3,2,0,1,0,1,16,55,11,0,1,2,3,14,669.0
884,4,238,3,14,1,5,102,3,0,0,0,0,0,1,7,86,8,0,1,2,2,42,369.0
885,7,114,0,7,1,5,29,1,3,2,1,0,0,1,16,46,7,0,3,2,2,55,1799.0
886,4,547,3,14,1,2,99,3,0,0,0,0,0,1,11,36,11,0,1,2,0,94,455.7
887,2,405,1,16,4,5,102,1,3,2,0,0,0,1,16,47,4,4,3,0,3,17,1369.9
888,0,95,2,2,1,1,25,3,0,0,0,1,0,1,7,21,2,0,0,2,2,43,297.0
889,10,199,3,16,1,5,138,3,2,1,0,0,0,0,13,5,8,0,1,2,0,85,379.0
890,7,372,3,10,1,5,80,1,3,2,0,0,0,1,16,46,4,0,3,2,2,55,1265.0
891,7,126,0,7,5,5,42,2,11,7,1,0,0,1,18,62,7,0,3,2,2,55,1399.0
892,15,309,4,12,3,5,17,1,3,2,0,0,0,1,18,62,7,0,3,2,2,55,1699.0
893,10,469,4,10,3,5,33,1,3,2,0,1,0,1,16,46,7,0,3,2,2,55,1799.0
894,11,182,1,16,5,5,118,0,12,9,0,1,0,1,17,58,10,5,3,0,3,21,2649.0
895,16,337,3,7,3,5,7,1,3,2,0,0,0,1,16,46,7,0,3,2,2,55,1475.0
896,4,256,1,14,3,2,126,1,3,2,0,0,0,1,19,66,11,0,1,2,3,20,929.0
897,7,363,3,14,3,5,87,1,3,2,0,0,0,1,18,62,11,0,1,2,3,11,900.0
898,4,547,3,14,1,5,99,3,0,0,0,0,0,1,11,36,11,0,1,2,0,94,614.0
899,4,281,3,14,3,5,76,1,3,2,0,0,0,1,17,48,8,0,1,2,2,55,935.0
900,4,576,0,7,3,5,24,2,11,7,1,0,0,1,4,69,10,0,3,2,2,54,2013.1
901,2,146,1,16,7,5,155,1,3,2,0,1,0,1,18,59,7,1,3,3,3,35,1279.0
902,4,576,0,7,5,5,22,1,3,2,1,0,0,1,4,69,7,0,3,2,2,54,1649.0
903,10,472,4,10,3,5,13,1,3,2,0,1,0,1,18,62,7,0,0,2,2,55,2049.0
904,10,471,3,14,3,5,80,1,3,2,0,1,0,1,16,46,10,0,3,2,2,55,1962.99
905,9,194,4,14,5,5,8,1,3,2,1,1,0,1,18,62,10,0,3,2,2,55,2099.0
906,7,116,2,5,3,5,27,1,3,2,0,0,0,1,18,62,10,0,3,2,2,55,1483.0
907,0,98,3,14,1,1,102,1,3,2,0,1,0,1,6,18,1,0,0,2,2,42,359.0
908,10,225,3,14,3,5,125,1,3,2,0,1,0,1,14,43,4,4,3,0,3,31,789.0
909,9,193,4,10,3,5,5,1,3,2,1,1,0,1,18,62,10,0,3,2,2,55,1899.0
910,4,279,3,10,3,5,55,1,3,2,0,0,0,1,19,49,7,0,3,2,2,55,1205.0
911,7,119,4,5,3,5,9,0,12,9,1,0,0,1,3,29,6,0,3,2,2,48,3100.0
912,10,217,3,14,2,5,102,1,3,2,0,0,0,1,18,62,7,0,3,2,3,14,789.0
913,7,363,3,14,3,5,87,1,3,2,0,0,0,1,18,62,7,0,3,2,3,11,1018.99
914,0,70,3,14,1,5,117,1,3,2,0,0,0,1,15,38,11,0,1,2,2,55,499.0
915,10,453,3,7,1,5,44,1,3,2,0,0,0,1,16,46,4,0,3,2,2,55,881.0
916,7,368,3,7,3,5,48,1,3,2,0,0,0,1,16,46,7,0,3,2,2,55,960.0
917,11,153,1,16,5,5,131,1,3,2,0,0,0,1,19,66,7,4,3,0,3,18,1599.0
918,4,256,1,14,5,5,125,1,3,2,0,0,0,1,19,66,4,4,3,0,3,18,1349.0
919,11,160,1,14,3,5,102,1,3,2,0,0,0,1,16,47,4,4,3,0,3,17,1119.91
920,4,547,3,14,1,5,99,3,0,0,0,0,0,1,16,46,11,0,1,2,0,93,684.99
921,7,112,4,14,3,5,70,1,3,2,0,0,0,1,16,55,7,0,3,2,0,99,1296.99
922,7,122,4,7,3,5,39,2,11,7,1,0,0,1,18,62,7,0,3,2,2,55,1149.0
923,16,450,3,14,5,5,117,1,3,2,0,1,0,1,17,57,7,0,3,2,3,10,1975.0
924,10,474,0,7,3,5,37,1,3,2,1,1,0,1,16,46,10,0,3,2,2,55,1825.0
925,4,277,3,14,1,5,80,3,0,0,0,0,0,1,14,41,8,0,1,2,2,49,729.9
926,10,493,4,5,3,5,36,1,3,2,0,1,0,1,18,62,7,0,3,2,2,55,1650.0
927,7,373,3,14,3,5,110,1,3,2,0,0,0,1,14,41,7,0,3,2,2,49,1165.0
928,4,547,3,14,1,5,99,3,0,0,0,0,0,1,16,46,11,0,1,2,2,55,708.06
929,7,365,3,10,1,5,80,3,0,0,0,0,0,1,14,41,8,0,1,2,2,49,1149.0
930,10,208,3,14,1,5,102,3,0,0,0,0,0,1,2,87,11,0,1,2,2,46,309.0
931,7,110,4,5,1,5,27,1,3,2,0,0,0,1,14,41,8,0,1,2,2,49,1579.0
932,7,50,3,14,1,4,72,3,0,0,0,0,0,1,7,21,11,0,1,2,2,43,288.9
933,10,588,0,7,5,5,31,2,11,7,1,1,0,1,13,56,11,0,3,2,2,58,1799.0
934,16,446,3,10,1,5,46,1,3,2,0,1,0,1,14,41,4,0,3,2,2,49,1105.0
935,7,110,2,5,3,5,27,1,3,2,0,0,0,1,14,41,7,0,3,2,2,49,1669.0
936,4,547,3,14,1,5,99,3,0,0,0,0,0,1,11,36,11,0,1,2,2,49,558.6
937,11,168,1,14,3,5,102,1,3,2,0,0,0,1,19,66,4,4,3,0,3,17,1199.0
938,4,285,4,10,3,5,36,1,3,2,0,0,0,1,16,46,7,0,3,2,2,55,1639.0
939,4,56,1,16,5,5,165,3,8,4,0,0,0,1,18,59,10,4,3,0,3,24,2758.0
940,7,316,1,16,3,5,135,1,3,2,0,1,0,1,14,43,4,4,3,0,3,32,1399.0
941,2,575,3,16,1,5,138,3,2,1,0,0,0,1,7,86,11,0,1,2,3,8,530.0
942,0,498,3,14,1,5,104,3,0,0,0,0,0,1,16,46,8,0,1,2,2,55,619.0
943,16,438,3,14,3,5,102,3,0,0,0,0,0,1,14,41,7,0,3,2,2,49,1119.0
944,10,584,0,1,3,5,10,1,3,2,1,1,0,1,3,35,7,0,3,2,2,48,1299.0
945,10,224,1,14,5,5,120,1,3,2,0,1,0,0,12,80,10,4,3,0,0,104,999.0
946,4,283,4,5,3,5,36,1,3,2,1,0,0,1,16,46,7,0,3,2,2,42,1472.2
947,10,203,3,14,3,4,102,1,3,2,0,0,0,1,18,62,11,0,1,2,3,8,685.0
948,4,262,3,16,1,5,114,3,2,1,0,0,0,1,11,36,11,0,1,2,0,101,659.0
949,0,91,3,10,1,1,60,3,0,0,0,0,0,1,7,21,2,0,0,2,2,43,349.0
950,7,596,5,14,3,5,84,1,3,2,0,1,0,1,18,60,0,0,3,2,3,65,2249.0
951,4,285,4,10,3,5,36,1,3,2,0,0,0,1,19,64,7,0,3,2,2,55,1775.0
952,16,345,3,7,3,7,20,1,3,2,0,0,0,1,14,41,7,0,3,2,2,49,1460.0
953,2,99,0,5,3,1,20,1,3,2,0,0,0,1,3,32,3,0,0,2,2,48,1159.0
954,10,483,4,10,3,5,61,1,3,2,0,1,0,1,17,57,7,0,3,2,2,49,1488.99
955,4,56,1,16,5,5,165,0,12,9,0,1,0,1,19,66,10,4,3,0,3,22,3154.0
956,4,576,0,7,3,5,24,1,3,2,1,0,0,1,3,51,7,0,3,2,2,54,1899.0
957,7,367,0,2,1,5,45,3,0,0,1,0,0,1,2,87,7,0,3,2,2,46,775.0
958,4,576,4,7,3,5,31,2,11,7,0,0,0,1,16,55,7,0,3,2,2,49,1268.0
959,0,96,0,2,1,1,25,3,0,0,1,1,0,1,7,21,2,0,0,2,2,43,389.0
960,16,343,3,7,3,5,20,1,3,2,0,0,0,1,15,44,7,0,3,2,2,49,1535.0
961,10,473,4,5,3,5,36,1,3,2,0,1,0,1,17,48,7,0,3,2,2,55,1760.0
962,0,78,3,14,4,5,117,1,3,2,0,0,0,1,16,46,4,4,3,0,3,28,1009.0
963,16,333,4,5,3,5,10,1,3,2,1,0,0,1,18,62,10,0,3,2,2,55,1790.0
964,7,363,3,14,3,5,87,3,0,0,0,0,0,1,16,46,11,0,1,2,3,11,846.5
965,4,239,3,14,1,2,106,3,0,0,0,0,0,1,11,36,11,0,1,2,0,95,465.62
966,4,281,3,14,1,5,76,3,0,0,0,0,0,1,16,46,8,0,1,2,2,55,825.0
967,7,363,3,14,1,5,87,1,3,2,0,0,0,1,15,38,8,0,1,2,2,55,685.0
968,4,56,1,16,7,5,167,1,3,2,0,1,0,1,19,66,7,4,3,0,3,22,3149.0
969,10,203,3,14,2,5,117,1,3,2,0,0,0,1,16,46,7,0,3,2,3,8,695.0
970,4,576,0,7,5,5,22,2,11,7,1,0,0,1,4,69,10,0,3,2,2,54,1899.0
971,4,290,4,10,3,5,49,3,8,4,1,0,0,1,17,57,7,0,3,2,2,49,1962.98
972,4,56,1,16,7,5,167,1,3,2,0,0,0,1,17,58,7,4,3,0,3,22,2800.0
973,16,435,3,10,3,5,80,1,3,2,0,0,0,1,14,41,7,0,3,2,2,49,1180.0
974,2,408,1,16,5,5,134,1,3,2,0,0,0,1,19,66,7,4,3,0,3,21,2049.9
975,7,370,3,14,3,5,87,1,3,2,0,1,0,1,18,46,4,4,3,0,3,11,979.0
976,10,465,3,10,1,7,61,3,0,0,0,0,0,1,14,41,9,0,2,2,2,49,1002.0
977,2,376,0,14,5,5,109,0,12,9,1,0,0,1,18,62,10,5,3,0,3,28,1799.0
978,7,26,3,14,2,5,87,3,0,0,0,0,0,1,18,62,11,0,1,2,2,55,579.0
979,2,406,1,16,5,5,142,1,3,2,0,0,0,1,19,66,7,4,3,0,3,18,1749.0
980,4,259,0,14,4,5,100,1,3,2,1,1,0,1,18,62,10,0,3,2,2,55,1299.0
981,16,344,3,7,1,7,20,1,3,2,0,0,0,1,14,41,4,0,3,2,2,49,1195.0
982,10,206,3,14,2,5,102,1,3,2,0,0,0,0,24,4,7,0,3,2,0,78,549.0
983,5,295,3,14,1,5,109,3,0,0,0,0,0,1,14,41,7,0,3,2,2,49,649.0
984,16,437,3,10,1,5,64,3,0,0,0,0,0,1,14,41,8,0,1,2,2,49,915.0
985,4,239,3,14,1,5,106,3,0,0,0,0,0,1,16,46,8,0,1,2,0,95,599.0
986,7,370,3,14,3,5,87,1,3,2,0,0,0,1,16,46,11,0,1,2,2,55,806.0
987,10,291,1,14,3,5,120,1,3,2,0,1,0,1,19,66,4,4,3,0,3,21,1189.0
988,4,245,3,14,3,5,114,3,0,0,0,0,0,1,18,62,11,0,1,2,0,101,749.0
989,4,279,3,10,3,5,55,1,3,2,0,0,0,1,16,46,4,0,3,2,2,56,1119.0
990,7,113,2,5,3,5,4,1,3,2,0,0,0,1,3,29,10,0,3,2,2,48,1908.0
991,7,17,3,14,1,5,93,1,3,2,0,0,0,1,11,36,4,4,3,0,0,77,499.0
992,10,503,3,14,1,4,76,3,0,0,0,0,0,1,2,22,4,0,3,2,2,45,270.62
993,10,470,3,14,3,5,109,1,3,2,0,0,0,1,14,41,7,0,3,2,2,49,1349.0
994,4,243,0,7,3,5,60,1,3,2,1,0,0,1,16,46,7,0,3,2,2,55,889.0
995,2,603,3,7,3,5,40,2,11,7,0,0,0,1,16,46,7,0,3,2,2,55,1150.0
996,7,418,4,7,3,5,11,1,3,2,1,1,0,1,18,62,7,0,3,2,2,55,1349.0
997,0,75,3,14,1,5,117,3,0,0,0,0,0,1,2,87,8,0,1,2,2,46,380.0
998,2,397,1,14,5,5,120,1,3,2,0,0,0,1,19,66,7,4,3,0,3,18,1799.0
999,7,111,4,10,3,5,47,1,3,2,0,0,0,1,18,62,10,0,3,2,2,55,2089.0
1000,0,306,1,14,3,5,131,1,3,2,0,1,0,1,19,66,4,4,3,0,3,17,1260.0
1001,7,106,3,7,3,5,34,1,3,2,0,1,0,1,16,46,7,0,3,2,2,55,1189.0
1002,4,547,3,14,1,5,99,3,0,0,0,0,0,1,15,38,4,0,3,2,2,55,547.0
1003,7,369,3,10,1,5,58,3,0,0,0,0,0,1,16,46,8,0,1,2,2,55,779.0
1004,16,339,3,7,1,5,20,1,3,2,0,0,0,1,14,41,4,0,3,2,2,49,1195.0
1005,7,111,3,10,1,5,47,3,0,0,0,0,0,1,15,44,7,0,3,2,2,49,1099.99
1006,7,365,3,10,1,5,80,1,3,2,0,0,0,1,16,46,7,0,3,2,2,55,1205.0
1007,7,109,4,10,3,7,43,1,3,2,0,0,0,1,17,57,7,0,3,2,2,49,1449.0
1008,7,362,3,10,3,5,58,1,3,2,0,0,0,1,16,46,7,0,3,2,3,11,1049.26
1009,7,369,3,10,1,5,58,3,0,0,0,0,0,1,15,38,8,0,1,2,2,55,684.0
1010,4,256,1,14,3,5,128,1,3,2,0,0,0,1,16,47,11,0,2,2,3,17,949.0
1011,7,110,4,5,1,5,27,1,3,2,0,0,0,1,16,46,8,0,1,2,2,55,1539.0
1012,7,117,3,10,1,5,47,1,3,2,0,0,0,1,16,46,7,0,3,2,2,55,1590.0
1013,7,111,4,10,3,5,50,1,3,2,0,0,0,1,16,55,7,0,3,2,2,49,1887.21
1014,7,368,3,7,1,5,48,3,0,0,0,0,0,1,15,38,8,0,1,2,2,55,800.0
1015,16,332,3,7,3,5,49,3,0,0,0,0,0,1,14,41,7,0,3,2,2,49,1210.0
1016,7,363,3,14,1,5,87,3,0,0,0,0,0,1,15,38,7,0,3,2,2,55,769.99
1017,10,464,3,16,5,7,117,0,12,9,0,1,0,1,18,60,10,0,3,2,3,64,2968.0
1018,16,447,3,10,3,5,46,1,3,2,0,1,0,1,14,41,7,0,3,2,2,49,1490.0
1019,7,109,3,10,3,5,43,1,3,2,0,0,0,1,16,55,7,0,3,2,2,49,2229.0
1020,4,246,0,14,1,5,91,1,3,2,1,1,0,1,14,37,11,0,1,2,2,49,795.99
1021,16,347,4,7,3,5,20,1,3,2,0,0,0,1,14,41,7,0,3,2,2,49,1590.0
1022,7,417,3,7,3,5,11,1,3,2,0,1,0,1,16,46,7,0,3,2,2,55,1149.0
1023,7,362,3,10,3,5,58,1,3,2,0,0,0,1,18,62,7,0,3,2,3,11,1185.43
1024,4,288,3,14,3,5,92,1,3,2,0,0,0,1,15,44,8,0,1,2,2,49,1046.44
1025,7,116,4,5,1,5,27,3,0,0,0,0,0,1,16,46,7,0,3,2,2,55,1559.0
1026,7,366,3,10,1,5,110,3,0,0,0,0,0,1,16,46,8,0,1,2,2,55,1189.0
1027,7,365,3,10,1,5,80,3,0,0,0,0,0,1,16,46,8,0,1,2,2,55,1060.0
1028,4,576,4,7,3,5,30,2,11,7,1,0,0,1,16,46,7,0,3,2,2,55,1624.0
1029,7,371,3,16,3,5,127,1,3,2,0,0,0,1,16,46,7,0,3,2,3,11,1080.0
1030,7,362,3,10,1,5,58,3,0,0,0,0,0,1,16,46,7,0,3,2,2,55,973.0
1031,0,58,3,14,2,5,93,3,0,0,0,0,0,0,21,11,11,0,1,2,0,88,409.0
1032,11,163,1,16,3,5,131,1,3,2,0,0,0,1,19,66,4,4,3,0,3,17,1191.8
1033,7,372,3,10,3,7,80,1,3,2,0,0,0,1,14,41,7,0,3,2,2,49,1195.0
1034,7,112,3,14,3,5,70,1,3,2,0,0,0,1,16,55,7,0,3,2,2,49,1228.99
1035,7,110,4,5,3,5,27,1,3,2,0,0,0,1,16,55,7,0,3,2,2,49,1349.0
1036,7,363,3,14,1,5,87,3,0,0,0,0,0,1,16,46,8,0,1,2,2,55,742.0
1037,16,448,4,10,3,5,46,1,3,2,0,1,0,1,17,57,7,0,3,2,2,49,1725.0
1038,4,288,3,14,3,7,92,1,3,2,0,0,0,1,15,44,7,0,3,2,2,49,1062.95
1039,7,362,3,10,3,5,58,1,3,2,0,0,0,1,16,46,7,0,3,2,2,55,1010.51
1040,10,581,0,14,1,5,68,1,3,2,1,1,0,1,16,55,7,0,3,2,2,49,847.0
1041,17,515,3,10,0,5,45,3,0,0,0,0,0,1,5,13,2,0,0,2,2,43,210.8
1042,16,439,3,14,5,5,117,1,3,2,0,1,0,1,16,55,7,0,3,2,3,10,1425.0
1043,10,478,3,14,3,5,109,1,3,2,0,0,0,1,14,41,7,0,3,2,2,49,1049.6
1044,7,111,3,10,1,5,50,1,3,2,0,0,0,1,14,41,8,0,1,2,2,49,1000.0
1045,7,112,3,14,3,5,70,1,3,2,0,0,0,1,15,44,7,2,3,0,2,49,2103.34
1046,7,109,3,10,3,7,43,1,3,2,0,0,0,1,14,41,7,0,3,2,2,49,1469.0
1047,11,185,1,16,5,5,158,1,3,2,0,1,0,1,18,59,7,4,3,0,3,35,1545.64
1048,10,226,1,16,5,5,169,1,3,2,0,1,0,1,17,58,4,4,3,0,3,35,2289.99
1049,2,94,2,2,1,1,20,3,0,0,0,0,0,1,7,21,1,0,0,2,2,43,287.9
1050,10,472,3,10,5,7,10,3,8,4,0,1,0,1,17,57,7,0,3,2,2,49,2620.0
1051,7,308,3,14,3,5,77,1,3,2,0,1,0,1,18,62,11,0,1,2,3,14,979.0
1052,4,249,0,14,3,5,109,1,3,2,1,1,0,1,18,46,7,0,3,2,2,55,1094.0
1053,7,363,3,14,1,5,87,3,0,0,0,0,0,1,16,46,7,0,3,2,2,55,979.0
1054,4,576,4,7,5,5,20,2,11,7,1,0,0,1,18,62,11,0,3,2,2,55,2254.0
1055,7,366,3,14,1,5,110,3,0,0,0,0,0,1,14,37,8,0,1,2,2,49,705.15
1056,7,49,3,14,1,4,81,3,0,0,0,0,0,1,16,46,8,0,1,2,2,55,499.0
1057,0,73,3,14,3,5,117,3,0,0,0,0,0,0,13,9,11,0,1,2,0,88,449.0
1058,4,253,0,7,4,5,55,1,3,2,1,1,0,1,18,62,7,0,3,2,2,55,1299.0
1059,11,183,1,14,5,5,141,1,3,2,0,0,0,1,17,58,7,4,3,0,3,21,1819.0
1060,7,363,3,14,3,5,87,1,3,2,0,0,0,1,18,62,7,0,3,2,2,55,1070.0
1061,2,388,1,16,5,4,160,1,3,2,0,1,0,1,17,58,11,0,1,2,3,32,998.0
1062,4,239,3,14,1,5,106,1,3,2,0,0,0,1,16,46,11,0,1,2,2,42,559.0
1063,4,245,3,14,5,5,111,1,3,2,0,0,0,1,18,62,12,0,1,2,0,101,989.99
1064,11,176,1,14,5,5,68,1,3,2,0,0,0,1,17,58,7,4,3,0,3,21,1929.0
1065,4,576,4,7,3,5,30,1,3,2,0,0,0,1,18,62,7,0,3,2,2,55,1458.0
1066,2,380,1,16,8,5,155,1,3,2,0,1,0,1,18,59,11,0,3,2,3,34,3975.0
1067,4,241,0,7,3,5,56,1,3,2,1,0,0,1,16,55,7,0,3,2,2,49,798.01
1068,4,55,1,14,5,5,146,0,12,9,0,0,0,1,17,58,7,4,3,0,3,33,1329.0
1069,1,298,4,3,3,3,3,3,6,4,0,1,1,1,2,26,7,0,0,2,2,48,1300.0
1070,4,276,3,14,1,5,89,3,0,0,0,0,0,1,14,37,8,0,1,2,2,49,481.98
1071,7,366,3,14,1,5,110,3,0,0,0,0,0,1,14,41,8,0,1,2,2,49,1199.0
1072,7,110,4,5,3,7,27,1,3,2,0,0,0,1,14,41,7,0,3,2,2,49,1199.0
1073,7,361,3,7,3,5,48,1,3,2,0,0,0,1,18,62,7,0,3,2,2,55,1090.0
1074,10,474,4,5,3,5,31,1,3,2,1,1,0,1,16,55,7,0,3,2,2,49,1713.49
1075,10,201,3,16,3,5,143,3,2,1,0,0,0,1,14,41,11,0,1,2,0,92,659.0
1076,10,235,3,14,1,5,109,1,3,2,0,1,0,1,14,43,11,0,1,2,3,28,977.0
1077,11,186,1,16,5,5,158,1,3,2,0,0,0,1,19,66,7,4,3,0,3,22,2499.0
1078,10,513,3,14,1,5,93,3,0,0,0,0,0,1,14,41,8,0,1,2,2,49,540.0
1079,7,373,3,14,1,7,110,1,3,2,0,0,0,1,14,41,8,0,1,2,2,49,940.0
1080,10,589,4,5,3,5,6,3,8,4,1,1,0,1,3,29,10,0,3,2,2,48,1399.0
1081,10,226,1,16,7,5,169,1,3,2,0,1,0,1,18,59,10,4,3,1,3,35,3240.0
1082,10,592,0,0,1,5,0,3,3,3,1,1,0,1,5,17,3,0,0,2,2,43,646.27
1083,7,421,4,7,5,5,31,0,12,9,0,1,0,1,18,62,10,0,3,2,2,55,2049.0
1084,4,547,3,14,3,5,99,1,3,2,0,0,0,1,16,46,7,0,3,2,2,55,750.0
1085,7,111,3,10,1,7,50,1,3,2,0,0,0,1,14,41,8,0,1,2,2,49,1030.99
1086,7,594,5,14,3,7,76,1,3,2,0,0,0,1,16,55,7,0,3,2,0,0,1495.0
1087,10,465,3,10,3,7,61,1,3,2,0,0,0,1,14,41,5,0,3,2,2,49,1199.0
1088,7,90,3,7,1,1,30,2,11,7,0,0,0,1,6,83,2,0,0,2,2,48,615.0
1089,0,73,3,14,1,5,117,3,0,0,0,0,0,0,13,9,8,0,1,2,0,88,387.0
1090,4,238,3,14,1,2,102,3,0,0,0,0,0,1,7,85,8,0,1,2,2,42,393.49
1091,7,50,3,14,1,4,72,3,0,0,0,0,0,1,11,36,11,0,1,2,2,49,345.99
1092,2,400,1,16,3,5,131,1,3,2,0,1,0,1,19,66,7,4,3,0,3,21,1599.0
1093,4,242,4,7,1,5,40,1,3,2,0,1,0,1,7,53,7,0,3,2,0,78,818.35
1094,7,116,2,5,1,7,117,3,0,0,0,0,0,1,14,41,4,0,3,2,2,49,1599.0
1095,0,77,3,14,3,5,117,1,3,2,0,0,0,1,16,46,7,4,3,0,3,28,799.0
1096,4,245,3,14,3,5,114,1,3,2,0,0,0,1,16,46,11,0,1,2,0,101,638.8
1097,11,179,1,16,3,5,125,1,3,2,0,0,0,1,17,58,7,0,3,2,3,32,1599.0
1098,7,49,3,14,1,5,81,3,0,0,0,0,0,1,7,86,11,0,1,2,2,44,500.0
1099,2,147,1,16,5,5,163,1,3,2,0,1,0,1,17,58,4,4,3,0,3,35,2299.0
1100,4,286,4,5,1,7,49,3,0,0,0,0,0,1,14,37,8,0,1,2,2,49,1135.15
1101,4,286,4,5,1,7,49,3,0,0,0,0,0,1,14,37,4,0,3,2,2,49,1166.97
1102,0,92,3,14,1,1,102,3,0,0,0,0,0,1,6,18,1,0,3,2,2,42,209.0
1103,7,595,5,16,3,7,143,1,3,2,0,1,0,1,17,58,11,0,1,2,0,3,2899.0
1104,10,291,1,14,5,5,117,1,3,2,0,0,0,1,19,66,10,0,3,2,3,18,1199.0
1105,4,286,4,5,3,7,49,3,0,0,0,0,0,1,14,41,7,0,3,2,2,49,1413.1
1106,11,151,1,16,3,5,140,1,3,2,0,0,0,1,17,58,4,4,3,0,3,31,1511.19
1107,10,581,0,14,1,5,93,1,3,2,1,1,0,1,14,41,7,0,3,2,2,49,867.0
1108,7,34,3,14,1,5,93,1,3,2,0,0,0,0,16,7,11,0,1,2,0,86,398.0
1109,2,395,1,14,5,5,123,1,3,2,0,1,0,1,17,58,4,4,3,0,3,31,1339.0
1110,7,108,3,7,3,5,16,2,11,7,1,0,0,1,2,28,7,0,3,2,2,48,1699.0
1111,4,546,3,14,1,7,105,3,0,0,0,0,0,1,14,41,8,0,1,2,0,91,769.15
1112,10,507,3,14,1,5,93,3,0,0,0,0,0,1,11,36,4,0,3,2,2,49,429.0
1113,7,419,4,7,3,5,16,1,3,2,0,0,0,1,16,55,10,0,3,2,2,49,1969.0
1114,10,592,0,0,1,0,0,3,3,3,1,1,0,1,5,17,3,0,0,2,2,43,549.0
1115,4,576,4,7,3,5,23,1,3,2,0,0,0,1,15,63,7,0,3,2,2,60,1379.0
1116,10,226,1,16,5,5,169,1,3,2,0,1,0,1,18,59,7,4,3,1,3,35,2749.99
1117,14,86,4,5,3,5,25,0,12,9,1,0,0,1,16,55,7,0,3,2,2,49,1029.0
1118,16,335,4,7,5,5,7,1,3,2,0,0,0,1,18,62,10,0,3,2,2,55,2226.0
1119,2,403,1,16,3,5,154,1,3,2,0,0,0,1,17,58,4,4,3,0,3,31,1312.49
1120,17,514,3,7,1,5,35,1,3,2,0,0,0,1,5,13,2,0,0,2,2,43,196.0
1121,7,419,3,7,3,5,16,1,3,2,0,0,0,1,14,41,7,0,3,2,2,49,1690.0
1122,7,109,3,10,3,7,43,1,3,2,0,0,0,1,14,41,7,0,3,2,2,49,1513.0
1123,4,288,3,14,1,2,92,3,0,0,0,0,0,1,14,41,8,0,1,2,2,49,523.63
1124,2,538,3,14,1,5,84,3,0,0,0,0,0,1,15,38,11,0,1,2,2,55,435.0
1125,10,474,0,10,3,5,68,1,3,2,1,1,0,1,16,55,7,0,3,2,2,49,1669.0
1126,10,592,0,0,1,5,0,3,3,3,1,1,0,1,5,17,3,0,0,2,2,43,479.0
1127,7,110,4,5,3,7,27,3,0,0,0,0,0,1,15,44,7,0,3,2,2,49,1895.0
1128,10,291,1,14,3,4,117,1,3,2,0,1,0,1,16,47,4,4,3,0,3,21,989.0
1129,7,311,1,16,3,5,150,1,3,2,0,1,0,1,14,43,4,4,3,0,3,21,1129.0
1130,7,27,3,14,3,5,87,3,0,0,0,0,0,1,18,62,12,0,1,2,2,55,629.0
1131,10,461,0,10,3,7,68,1,3,2,1,1,0,1,17,57,10,0,3,2,3,71,2050.38
1132,2,267,3,10,1,5,49,3,0,0,0,0,0,1,2,22,2,0,0,2,2,45,278.0
1133,7,50,4,14,3,5,70,1,3,2,0,0,0,1,18,62,7,0,3,2,2,55,752.0
1134,0,71,3,14,1,5,104,1,3,2,0,0,0,1,16,46,11,0,1,2,3,14,616.0
1135,10,216,3,14,5,5,120,1,3,2,0,0,0,1,16,55,11,0,2,2,0,98,1099.0
1136,7,595,5,16,3,7,143,1,3,2,0,1,0,1,17,58,7,0,3,2,3,70,3949.4
1137,4,245,3,14,3,5,120,3,0,0,0,0,0,1,16,46,11,0,1,2,0,101,784.0
1138,11,185,1,16,5,5,158,1,3,2,0,0,0,1,18,60,7,4,3,0,3,35,2399.0
1139,7,112,4,14,3,7,74,1,3,2,0,0,0,1,16,55,7,0,3,2,2,49,2171.72
1140,10,472,0,10,5,5,138,3,8,4,1,1,0,1,17,57,10,0,3,2,2,49,2440.0
1141,11,166,1,14,3,5,117,1,3,2,0,0,0,1,19,66,4,4,3,0,3,17,1142.8
1142,7,419,0,7,3,5,47,1,3,2,1,0,0,1,15,44,7,0,3,2,2,49,1629.0
1143,7,593,5,14,3,7,123,1,3,2,0,1,0,1,17,58,7,0,3,2,3,65,2229.0
1144,7,419,0,7,3,5,47,3,8,4,1,0,0,1,17,57,7,0,3,2,2,49,1799.0
1145,7,596,5,14,3,7,84,1,3,2,0,0,0,1,17,58,7,0,3,2,3,65,1899.0
1146,7,110,4,5,3,7,27,1,3,2,0,0,0,1,16,55,7,0,3,2,2,49,2296.95
1147,4,551,3,14,3,5,99,1,3,2,0,0,0,1,18,62,7,0,3,2,3,14,1009.9
1148,7,112,3,14,3,7,74,1,3,2,0,0,0,1,14,41,7,0,3,2,2,49,1579.0
1149,10,472,0,10,3,5,28,3,8,4,1,1,0,1,16,55,7,0,3,2,2,49,2339.0
1150,10,508,3,14,1,4,76,3,0,0,0,0,0,1,11,36,11,0,1,2,2,49,339.0
1151,7,4,3,14,1,5,72,3,0,0,0,0,0,0,8,74,8,0,1,2,0,84,297.0
1152,10,82,3,14,3,4,111,1,3,2,0,0,0,1,14,41,11,0,1,2,0,92,599.0
1153,4,256,1,14,3,5,126,1,3,2,0,0,0,1,19,66,11,0,1,2,3,20,1199.0
1154,4,577,3,14,3,5,87,0,12,9,1,1,0,1,14,43,7,0,3,2,3,15,2250.68
1155,7,30,3,14,1,5,77,1,3,2,0,0,0,0,16,8,7,0,3,2,0,77,478.89
1156,11,170,1,16,5,5,131,1,3,2,0,0,0,1,19,66,7,4,3,0,3,18,1492.8
1157,10,466,4,10,4,7,40,1,3,2,0,0,0,1,17,57,10,0,3,2,2,49,2299.0
1158,10,81,3,14,3,5,120,1,3,2,0,0,0,1,14,41,11,0,2,2,0,92,788.49
1159,7,419,0,7,3,5,47,3,8,4,1,0,0,1,17,57,10,0,3,2,2,49,2041.0
1160,10,465,4,10,3,7,61,1,3,2,0,0,0,1,17,57,7,0,3,2,2,49,1499.0
1161,11,173,1,10,5,5,61,1,3,2,0,0,0,1,17,58,7,4,3,0,3,33,1769.0
1162,7,327,1,14,3,5,126,1,3,2,0,1,0,1,19,66,11,0,1,2,3,17,899.0
1163,10,204,3,14,3,5,102,3,0,0,0,0,0,1,11,36,11,0,1,2,2,49,459.0
1164,7,48,3,14,1,4,93,3,0,0,0,0,0,1,14,41,8,0,1,2,2,49,476.99
1165,4,256,1,14,3,5,126,0,12,9,0,0,0,1,19,66,4,4,3,0,3,18,1498.0
1166,10,471,3,14,3,5,80,1,3,2,0,1,0,1,16,46,7,0,3,2,2,55,1390.0
1167,10,52,3,14,1,5,102,1,3,2,0,0,0,1,11,36,11,0,1,2,3,9,468.0
1168,7,426,3,10,0,5,44,3,0,0,0,0,0,1,7,21,2,0,0,2,2,43,249.0
1169,11,322,1,14,3,5,102,1,3,2,0,1,0,1,18,62,11,0,1,2,3,17,839.0
1170,7,49,3,14,3,5,81,1,3,2,0,0,0,1,16,55,7,0,3,2,2,49,679.0
1171,7,363,3,14,5,5,93,1,3,2,0,0,0,1,8,70,10,0,3,2,2,109,1159.0
1172,2,567,3,14,1,5,102,3,0,0,0,0,0,1,7,20,8,0,1,2,2,42,369.0
1173,10,512,3,14,1,4,93,3,0,0,0,0,0,1,14,41,8,0,1,2,2,49,398.0
1174,10,217,3,14,3,4,102,1,3,2,0,0,0,1,18,62,11,0,1,2,3,14,709.0
1175,2,499,3,10,1,5,84,1,3,2,0,0,0,1,15,38,7,0,3,2,2,55,769.0
1176,10,83,3,14,1,7,111,1,3,2,0,0,0,1,16,55,11,0,2,2,2,49,825.0
1177,10,225,1,14,5,5,149,1,3,2,0,1,0,1,17,58,10,0,3,2,3,29,1305.0
1178,11,175,1,14,5,5,77,1,3,2,0,0,0,1,17,58,4,4,3,0,3,33,2153.37
1179,7,363,3,14,1,5,90,3,0,0,0,0,0,1,14,37,8,0,1,2,2,49,650.0
1180,10,472,0,10,3,5,36,3,8,4,1,1,0,1,14,41,7,0,3,2,2,49,1637.0
1181,10,203,4,14,2,5,50,1,3,2,0,0,0,1,18,62,7,0,3,2,3,7,831.0
1182,4,551,3,14,3,2,82,1,3,2,0,0,0,1,18,62,7,0,3,2,3,16,895.01
1183,0,58,3,14,1,5,93,3,0,0,0,0,0,1,11,22,8,0,1,2,2,45,333.0
1184,7,325,3,14,2,5,99,1,3,2,0,1,0,1,17,58,11,0,1,2,3,31,799.0
1185,2,396,1,14,3,5,124,1,3,2,0,1,0,1,17,58,7,4,3,0,3,31,909.0
1186,4,249,0,14,5,5,92,1,3,2,1,0,0,1,18,62,10,0,3,2,2,55,1179.0
1187,0,71,3,14,1,5,104,1,3,2,0,0,0,1,16,46,7,0,3,2,3,14,691.0
1188,4,576,4,7,3,2,23,2,11,7,1,0,0,1,15,44,7,0,3,2,2,49,1099.0
1189,0,356,1,16,5,5,162,1,3,2,0,1,0,1,19,66,7,4,3,0,3,22,2599.0
1190,10,291,1,14,3,5,117,1,3,2,0,1,0,1,16,47,11,0,1,2,3,17,819.0
1191,15,101,0,4,1,1,15,3,7,6,1,1,0,2,11,72,2,0,0,2,1,63,659.0
1192,7,50,3,14,1,5,72,3,0,0,0,0,0,1,16,46,8,0,1,2,2,55,485.0
1193,1,298,4,3,3,3,3,3,6,4,0,1,1,1,2,26,7,0,0,2,2,51,1163.0
1194,4,253,0,7,3,5,55,1,3,2,1,1,0,1,16,46,7,0,3,2,2,55,1199.0
1195,7,328,3,14,4,5,103,1,3,2,0,1,0,1,19,66,4,4,3,0,3,17,1327.0
1196,10,509,3,14,1,4,76,3,0,0,0,0,0,1,11,36,11,0,1,2,0,95,368.0
1197,2,392,1,16,5,5,163,1,3,2,0,1,0,1,17,58,10,4,3,0,3,35,2150.0
1198,0,58,3,14,1,2,93,3,0,0,0,0,0,1,11,22,11,0,1,2,2,45,272.0
1199,11,180,1,16,5,5,118,1,3,2,0,0,0,1,19,66,7,4,3,0,3,21,2048.9
1200,4,245,3,14,1,5,109,3,0,0,0,0,0,1,11,36,4,0,3,2,0,100,499.0
1201,10,204,3,14,3,4,102,3,0,0,0,0,0,1,16,55,8,0,1,2,3,8,629.0
1202,4,250,0,14,5,5,84,1,3,2,1,0,0,1,8,70,10,0,3,2,2,109,1285.0
1203,4,576,4,7,5,5,20,2,11,7,1,0,0,1,18,62,10,0,3,2,2,55,2680.0
1204,2,131,1,14,3,5,102,1,3,2,0,0,0,1,17,58,11,0,1,2,3,21,1169.0
1205,4,245,3,14,3,5,114,1,3,2,0,0,0,1,16,46,7,0,3,2,0,101,889.0
1206,7,25,3,14,3,5,77,3,0,0,0,0,0,1,16,46,7,0,3,2,2,55,579.0
1207,10,207,3,14,1,5,102,3,0,0,0,0,0,0,13,75,8,0,1,2,0,84,299.0
1208,0,72,3,16,3,5,148,3,2,1,0,0,0,1,11,36,11,0,1,2,3,14,629.0
1209,2,408,1,14,5,5,102,1,3,2,0,0,0,1,19,66,7,4,3,0,3,22,2449.0
1210,1,298,4,3,3,3,3,3,6,4,0,1,1,1,3,26,10,0,0,2,2,48,1279.0
1211,2,130,3,14,5,5,102,1,3,2,0,0,0,1,19,66,4,4,3,0,3,21,1749.0
1212,11,182,1,16,5,5,118,1,3,2,0,1,0,1,17,58,7,4,3,0,3,21,1948.99
1213,4,259,0,14,3,5,101,1,3,2,1,1,0,1,16,46,7,0,3,2,2,55,999.0
1214,2,385,1,16,5,5,140,1,3,2,0,0,0,1,19,66,7,4,3,0,3,21,1949.0
1215,0,87,2,2,0,1,31,3,0,0,0,0,0,1,6,18,2,0,3,2,2,42,174.0
1216,0,105,3,16,1,5,148,3,2,1,0,0,0,1,11,36,11,0,1,2,3,14,598.0
1217,10,212,3,16,3,4,138,3,2,1,0,0,0,1,16,46,11,0,1,2,2,55,539.0
1218,10,225,1,14,3,5,125,1,3,2,0,1,0,1,17,58,4,4,3,0,3,30,1272.0
1219,0,410,0,10,3,5,20,1,3,2,1,1,0,1,4,69,7,0,3,2,2,54,1149.0
1220,10,489,3,14,3,5,109,1,3,2,0,1,0,1,17,57,7,0,3,2,2,49,1529.0
1221,11,169,1,14,3,5,102,1,3,2,0,0,0,1,17,58,4,4,3,0,3,21,1476.11
1222,7,33,3,14,2,5,93,1,3,2,0,0,0,0,18,4,11,0,1,2,0,78,529.0
1223,4,289,4,5,3,7,27,1,3,2,1,0,0,1,15,44,7,0,3,2,2,49,1713.37
1224,4,249,0,12,1,5,91,1,3,2,1,0,0,1,15,38,8,0,1,2,2,55,509.0
1225,2,553,3,14,1,5,128,3,0,0,0,0,0,1,7,86,11,0,1,2,2,44,309.0
1226,4,576,4,7,3,5,30,2,11,7,1,0,0,1,18,62,7,0,3,2,2,55,1477.0
1227,4,547,3,14,1,2,99,3,0,0,0,0,0,1,16,46,11,0,1,2,2,49,521.86
1228,10,225,1,14,5,5,125,1,3,2,1,1,0,1,17,58,4,4,3,0,3,31,1029.0
1229,11,161,1,14,3,5,102,1,3,2,0,0,0,1,19,66,4,4,3,0,3,17,1149.0
1230,10,474,2,5,5,5,31,1,3,2,1,1,0,1,16,55,10,0,3,2,2,49,1650.0
1231,14,85,1,10,5,5,80,1,3,2,0,0,0,1,19,66,11,0,3,2,3,21,3499.0
1232,4,239,3,14,3,5,109,3,0,0,1,0,0,1,15,38,11,0,1,2,2,55,469.01
1233,11,154,1,16,5,5,131,1,3,2,0,0,0,1,19,66,7,4,3,0,3,21,1598.0
1234,1,299,4,2,1,3,8,3,0,0,0,0,0,1,7,40,7,0,0,2,2,53,959.0
1235,7,23,3,14,1,5,93,1,3,2,0,0,0,1,11,36,11,0,1,2,2,49,478.0
1236,7,111,4,10,3,7,50,3,8,4,0,0,0,1,16,55,7,0,3,2,2,49,2198.19
1237,4,546,3,14,1,7,105,3,0,0,0,0,0,1,14,41,8,0,1,2,2,49,737.0
1238,11,158,1,14,3,5,109,1,3,2,0,0,0,1,17,58,4,4,3,0,3,31,1169.0
1239,10,453,3,7,5,5,40,1,3,2,0,1,0,1,18,62,10,0,3,2,2,55,1499.0
1240,10,206,3,14,2,5,102,1,3,2,0,0,0,0,24,4,7,0,3,2,0,78,597.57
1241,2,604,4,7,3,5,45,1,3,2,0,0,0,1,16,55,7,0,3,2,2,49,1280.0
1242,0,76,3,14,1,2,117,3,0,0,0,0,0,1,11,36,8,0,1,2,2,49,361.8
1243,4,261,0,16,5,5,136,1,3,2,1,0,0,1,18,62,10,0,3,2,3,14,1799.0
1244,7,111,3,10,1,7,50,1,3,2,0,0,0,1,14,41,7,0,3,2,2,49,1099.99
1245,2,398,1,14,5,5,120,1,3,2,0,1,0,1,19,66,7,4,3,0,3,18,1600.0
1246,4,279,3,10,1,5,55,3,0,0,0,0,0,1,16,46,8,0,1,2,2,55,875.0
1247,2,394,1,14,5,5,113,1,3,2,0,1,0,1,17,58,7,4,3,0,3,22,2325.0
1248,10,532,3,14,3,4,109,1,3,2,0,1,0,1,16,46,7,0,3,2,2,55,573.0
1249,4,576,0,7,3,5,24,2,11,7,1,0,0,1,3,51,7,0,3,2,2,54,1813.0
1250,4,238,3,14,1,2,102,3,0,0,0,0,0,1,7,86,8,0,1,2,2,42,324.0
1251,7,51,3,14,1,5,72,3,0,0,0,0,0,0,16,7,8,0,1,2,0,87,399.0
1252,10,204,3,14,2,5,117,1,3,2,0,0,0,1,14,37,4,0,3,2,3,8,569.0
1253,10,458,3,10,3,5,76,1,3,2,0,1,0,1,14,41,7,0,3,2,2,49,1072.0
1254,4,238,3,14,1,5,102,3,0,0,0,0,0,1,7,85,8,0,1,2,2,42,443.99
1255,2,558,3,14,1,5,84,3,0,0,0,0,0,1,2,22,11,0,1,2,2,45,339.0
1256,2,391,1,16,5,5,160,1,3,2,0,1,0,1,17,58,4,4,3,0,3,33,1900.0
1257,4,547,3,14,1,5,108,3,0,0,0,0,0,1,11,36,8,0,1,2,2,49,490.0
1258,10,84,3,14,3,7,111,1,3,2,0,0,0,1,16,55,11,0,2,2,0,92,895.0
1259,11,148,1,14,3,5,117,1,3,2,0,0,0,1,17,58,4,4,3,0,3,31,1229.0
1260,10,579,0,10,1,5,68,1,3,2,1,0,0,1,14,41,4,0,3,2,2,49,833.01
1261,2,602,4,7,3,5,20,1,3,2,0,1,0,1,0,27,10,0,3,2,2,48,729.0
1262,4,239,3,14,2,5,109,3,0,0,0,0,0,1,15,38,11,0,1,2,2,55,459.0
1263,0,74,3,14,1,2,117,3,0,0,0,0,0,1,7,21,8,0,1,2,2,43,289.0
1264,4,238,3,14,0,5,102,3,0,0,0,0,0,1,7,20,8,0,1,2,2,42,379.0
1265,10,225,3,14,3,5,125,1,3,2,0,1,0,1,17,58,11,0,1,2,3,31,899.0
1266,7,324,3,14,2,5,87,1,3,2,0,0,0,0,20,10,11,0,2,2,0,100,549.99
1267,4,239,3,14,3,2,109,3,0,0,0,0,0,1,18,62,11,0,1,2,0,95,805.99
1268,7,425,2,2,0,5,17,3,0,0,0,0,0,1,7,21,2,0,0,2,2,43,209.0
1269,2,571,3,14,1,5,102,3,0,0,0,0,0,1,16,55,8,0,1,2,3,7,720.32
1270,10,580,0,10,1,5,68,1,3,2,1,1,0,1,16,55,4,0,3,2,2,49,638.0
1271,10,588,0,7,5,5,31,2,11,7,1,1,0,1,16,55,10,0,3,2,2,49,1499.0
1272,10,196,3,10,0,5,49,3,0,0,0,0,0,1,7,20,3,0,0,2,2,42,229.0
1273,7,2,3,14,2,5,100,3,0,0,0,0,0,1,16,55,11,0,1,2,0,92,764.0
1274,2,568,3,14,1,5,102,3,0,0,0,0,0,1,7,20,8,0,1,2,2,42,369.0
